STT;Name;English Name;image;Calories;Chất đạm;Chất béo;Carbohydrate;Vitamin A;Potassium;MUFA+PUFA;Canxi;Sắt;Kẽm;Natri;Cholesterol;Magie;Beta-caroten;Vitamin C;Sodium;Transfat
1;Bánh đúc tàu;Rice cake made of rice flour and lime water;https://viendinhduong.vn/storage/app/uploads/public/2025/11/14/banh_duc_tau.webp;175,6;9,6;2,2;29,3;8,5;11,4;22,6;168,7;2;0,5;671,6;57,2;62,4;;;;
2;Bánh cuốn trứng;Egg stuffed pancake;https://viendinhduong.vn/storage/app/uploads/public/2025/11/14/banh_cuon_trung.webp;537,6;22,6;28,5;47,7;172,4;;22,6;96,8;4,5;2,7;1161,5;491,8;107,3;41,5;10;;
3;Bánh cuốn thịt;Pork stuffed pancake;https://viendinhduong.vn/storage/app/uploads/public/2025/11/14/banh_cuon_thit.webp;493,1;13,8;19,8;65;31,4;;;83,8;2,7;2,1;1580,7;16,7;124,9;362,7;28,2;;
4;Bánh cuốn nhân tôm thịt;Stuffed rice pancake with shrimp and pork;https://viendinhduong.vn/storage/app/uploads/public/2025/11/14/banh_cuon_nhan_tom_thit.webp;475,7;12,5;19,1;63,4;16;;;60,7;2,5;2,1;1016,4;28,7;107,8;160,1;14,4;;
5;Bánh cuốn chay chả;Vegetarian steamed pancake with 'chả';https://viendinhduong.vn/storage/app/uploads/public/2025/11/14/banh_cuon_chay_cha_hp.webp;673,4;13;36,2;73,9;3,9;;;57,7;3;3,7;1049;28,8;172;40,9;9,6;;
6;Bánh bột lọc 6 cái;Vietnamese Tapioca Dumplings (6 pieces);https://viendinhduong.vn/storage/app/uploads/public/2025/11/13/banh_bot_loc_6_cai_hp.webp;335,2;7,4;14,4;44;70,1;;;67;1,5;0,3;1288,5;11,9;41,6;735,5;20,9;;
7;Bánh bột lọc (5 cái);Vietnamese Tapioca Dumplings (5 pieces);https://viendinhduong.vn/storage/app/uploads/public/2025/11/10/banh_bot_loc_5_cai_hp.webp;199,9;4,3;8,7;26,1;8,9;;;26,2;0,7;0,1;743,5;14,7;19,8;84,8;10,7;;
8;Bánh bèo 2 cái;Two water fern cake;https://viendinhduong.vn/storage/app/uploads/public/2025/11/10/banh_beo_2_cai_hp.webp;899;35,8;47,5;82,2;33,1;;;155,5;5,2;2,6;1741,5;40,2;201,4;368,3;35,4;;
9;Bánh bèo;Water fern cake;https://viendinhduong.vn/storage/app/uploads/public/2025/11/10/banh_beo_hp.webp;451,1;19;17,2;55,1;5,4;;;170,8;5,7;1,3;926,3;0;22,4;57,1;14,6;;
10;Bánh mì - xôi chảo;Baguette with combo pan;https://viendinhduong.vn/storage/app/uploads/public/2025/11/10/banh_mi_xoi_chao_hp.webp;995,8;41,4;62,6;66,7;645,4;;;92,9;6,3;2;2261,9;116,1;125,2;36,5;23,3;;
11;Xôi xéo thập cẩm;Turmeric sticky rice with mung beans and mixed toppings;https://viendinhduong.vn/storage/app/uploads/public/2025/11/10/xoi_xeo_thap_cam_hp.webp;789,9;27,8;28,2;106,3;346,6;;;70,9;6,9;4,3;95,2;279,8;58,9;520,3;2,6;;
12;Xôi xéo đùi gà sốt;Sticky rice with mung bean, chicken thigh, and sauce;https://viendinhduong.vn/storage/app/uploads/public/2025/11/10/xoi_xeo_dui_ga_sot.webp;612,6;29,5;9,2;102,9;61,8;;;52,2;2,8;4,6;43,1;0,9;31,5;517,6;2,6;;
13;Xôi thịt thập cẩm;Sticky Rice with Mixed Meat;https://viendinhduong.vn/storage/app/uploads/public/2025/11/10/xoi_thit_thap_cam_hp2.webp;856,4;36,8;20,9;130,2;178;;;76,9;4,5;5;889,3;62,1;75;67,6;5,1;;
14;Xôi thịt;Sticky rice with braised pork;https://viendinhduong.vn/storage/app/uploads/public/2025/11/10/xoi_thit_hp.webp;785;42,3;10,1;131,3;229,4;;;83,4;5,7;6,5;380,3;96,8;65,3;1986,9;43,5;;
15;Xôi đỗ đen;Black Bean Sticky Rice;https://viendinhduong.vn/storage/app/uploads/public/2025/11/10/xoi_do_den_hp.webp;677,8;19;24,6;95;1,4;;;145,5;10,3;3,5;741,8;7,6;91,7;16,2;4,6;;
16;Xúc xích rán (5 cái);Fried sausages (5 pieces);https://viendinhduong.vn/storage/app/uploads/public/2025/11/06/screenshot_85.webp;333,2;18,5;27,1;4;34,5;;;11,6;1,3;2,5;291;84,9;19,4;77,1;9;;
17;Trứng vịt lộn;Balut;https://viendinhduong.vn/storage/app/uploads/public/2025/11/06/screenshot_84.webp;118,2;8,8;8;2,7;587,3;;;56;2;;60,7;;10,4;280,3;2,2;;
18;Thịt xiên nướng;Grilled meat skewers;https://viendinhduong.vn/storage/app/uploads/public/2025/11/06/screenshot_83.webp;227,4;31,3;11;0,9;3,9;;;36,5;1,1;3,6;2,5;;1,2;25,7;3;;
19;Sắn luộc;Boiled cassava;https://viendinhduong.vn/storage/app/uploads/public/2025/11/06/screenshot_82.webp;281,7;2;0,4;67,7;1,2;14,3;60,7;44,6;2,1;;3,6;;7,1;;;;
20;Quẩy rán;Fried dough sticks;https://viendinhduong.vn/storage/app/uploads/public/2025/11/06/screenshot_81.webp;150,4;4,1;5,5;21,1;;;;;;;;;;;;;
21;Quả xoài dầm;Shredded mango;https://viendinhduong.vn/storage/app/uploads/public/2025/11/06/screenshot_80.webp;360,7;4,2;1;83,7;90,9;;;30,5;1,3;0,5;;;;1090,4;139,2;1865,4;
22;Ngô luộc;Boiled corn;https://viendinhduong.vn/storage/app/uploads/public/2025/11/06/screenshot_79.webp;286,4;6,5;3,7;56,8;;;;30;1,3;;;;;;;;
23;Nem rán (4 cái);Fried spring rolls;https://viendinhduong.vn/storage/app/uploads/public/2025/11/06/screenshot_78.webp;413,2;14,2;24,1;34,8;113,9;;;111,2;3,8;1,9;1661,7;145,7;79,7;876,6;37,8;;
24;Nem chua rán 5 cái;Fried fermented pork rolls;https://viendinhduong.vn/storage/app/uploads/public/2025/11/06/screenshot_77.webp;157,9;25;4,3;4,9;;;;27,6;;547,4;;;98,9;;;;
25;Khoai tây chiên;French fries;https://viendinhduong.vn/storage/app/uploads/public/2025/11/06/screenshot_76.webp;296;3,8;12,9;41,3;0,8;;;18,8;2,3;0,6;13,1;;60;9,4;18,8;;
26;Khoai lang mật nướng;Roasted honey sweet potato;https://viendinhduong.vn/storage/app/uploads/public/2025/11/06/screenshot_75.webp;746,2;4,8;1,2;179;75,1;;;204,3;6;1,2;186,3;;1207,7;901,2;138,2;;
27;Khoai lang luộc;Boiled sweet potato;https://viendinhduong.vn/storage/app/uploads/public/2025/11/06/screenshot_74.webp;393,3;2,5;0,6;94,4;39,6;;;107,7;3,2;0,6;98,2;;636,5;475;72,8;;
28;Khoai lang chiên;Fried sweet potato;https://viendinhduong.vn/storage/app/uploads/public/2025/11/06/screenshot_73.webp;376,8;2,2;23,4;39,4;11,3;;;59,9;1,2;0,5;31;;204;135,5;20,8;;
29;Hạt dẻ nướng;Roasted chestnuts;https://viendinhduong.vn/storage/app/uploads/public/2025/11/06/screenshot_72.webp;227,5;4,3;1,1;50,1;;;;18,4;1,4;0,9;3,1;;85,7;;36,7;;
30;Hạt dẻ luộc;Boiled chestnuts;https://viendinhduong.vn/storage/app/uploads/public/2025/11/06/screenshot_71.webp;159,3;3;0,8;35;;;;12,9;1;0,6;2,1;;60;;25,7;;
31;Củ từ luộc;Boiled taro;https://viendinhduong.vn/storage/app/uploads/public/2025/11/06/screenshot_70.webp;357,4;5,5;;83,8;;;;103,4;0,7;;262,1;;103,4;;7,4;;
32;Bánh bỏng kê;Popped millet cake;https://viendinhduong.vn/storage/app/uploads/public/2025/11/06/screenshot_69.webp;286;3,7;1,6;64,2;4;;;17,4;2,1;1,2;5,5;;339,7;47,4;;;
33;Tào phớ;Soybean pudding;https://viendinhduong.vn/storage/app/uploads/public/2025/11/06/screenshot_68.webp;421,4;8,7;0,7;95,1;;;;346,7;2,8;0,2;108,4;;142,4;;;;
34;Nước mía;Sugarcane juice;https://viendinhduong.vn/storage/app/uploads/public/2025/11/06/screenshot_67.webp;228,9;;;;;;;;;;;;;;;;
35;Nước ép ổi (size l);Guava juice (large size);https://viendinhduong.vn/storage/app/uploads/public/2025/11/06/screenshot_65.webp;346,3;3,5;;83,1;180,8;;;59,8;7,6;13,9;23,2;;127,6;2169,2;359,6;;
36;Nước ép dưa hấu;Watermelon juice;https://viendinhduong.vn/storage/app/uploads/public/2025/11/06/screenshot_64.webp;85,1;5,7;1;13,4;176,1;;;38,2;4,8;0,5;21,5;;71,7;1926,3;33,5;;
37;Nước ép chanh leo;Passion fruit juice;https://viendinhduong.vn/storage/app/uploads/public/2025/11/06/screenshot_63.webp;67,3;0,7;0,2;15,7;19,3;;;7,9;0,5;;8,4;;8,7;224;9;;
38;Nước ép cam (size l);Orange juice (large size);https://viendinhduong.vn/storage/app/uploads/public/2025/11/06/screenshot_62.webp;176,8;3,4;;40,8;29,4;;;130,7;1,5;0,8;13,3;;37,9;109,9;151,6;;
39;Bánh trôi tàu;Sweet glutinous rice dumplings in syrup;https://viendinhduong.vn/storage/app/uploads/public/2025/11/06/screenshot_61.webp;354,8;8;7,2;64,5;0,3;;;78,8;2,8;1,5;5,9;;59,6;3,7;0,6;;
40;Bánh tráng trộn;Mixed rice paper salad;https://viendinhduong.vn/storage/app/uploads/public/2025/11/06/screenshot_60.webp;436,7;12,6;14,4;63,6;13,3;;;87,3;1,8;0,4;55,2;;32,4;158,9;26,7;;
41;Bánh tiêu;Hollow fried doughnut;https://viendinhduong.vn/storage/app/uploads/public/2025/11/06/screenshot_59.webp;199,6;2,9;11,9;20,4;;;;30,9;0,8;0,7;36,4;;46,3;0,3;0,4;;
42;Bánh tẻ;Savory steamed rice cake;https://viendinhduong.vn/storage/app/uploads/public/2025/11/06/screenshot_58.webp;336,4;13,7;9,8;48,4;1,1;;;42,4;5,2;2,2;364,8;33,8;44,2;1,3;0,5;;
43;Bánh rán vừng;Sesame fried cake;https://viendinhduong.vn/storage/app/uploads/public/2025/11/06/screenshot_57.webp;1042;17,1;57,8;113,3;0,8;;;221,9;6,6;5,3;12,2;3,2;151,9;9;1;;
44;Bánh rán vừng (5 cái);Sesame fried cakes (5 pieces);https://viendinhduong.vn/storage/app/uploads/public/2025/11/06/screenshot_56.webp;508,6;8,3;28,1;55,6;0,3;;;86,8;2,6;2,1;4,7;1,3;59,2;3,5;0,4;;
45;Bánh rán ngọt;(Sweet fried cake);https://viendinhduong.vn/storage/app/uploads/public/2025/11/06/screenshot_55.webp;250.9;3.6;0.4;58.4;;;;9.6;0.7;0.8;1.3;;54.9;0.3;;;
46;Bánh rán mật (5 cái);(Molasses-fried cakes (5 pieces));https://viendinhduong.vn/storage/app/uploads/public/2025/11/06/screenshot_54.webp;297.6;4.6;14.0;38.3;0.2;;;72.3;1.4;1.1;88.4;;43.4;2.5;0.2;;
47;Bánh rán mật;(Molasses-fried cake);https://viendinhduong.vn/storage/app/uploads/public/2025/11/06/screenshot_53.webp;691.0;10.7;32.5;88.9;0.7;8.1;0.7;237.6;4.7;3.4;290.3;;142.6;;;;
48;Bánh rán mặn;(Savory fried cake);https://viendinhduong.vn/storage/app/uploads/public/2025/11/06/screenshot_52.webp;406.1;9.3;20.0;47.3;37.2;;;53.4;4.1;2.0;632.6;;35.0;362.5;19.4;;
49;Bánh rán đường (5 cái);(Sugar-coated fried cakes (5 pieces));https://viendinhduong.vn/storage/app/uploads/public/2025/11/06/screenshot_51.webp;325.9;5.1;15.3;41.9;0.2;;;79.2;1.6;1.2;96.8;;47.5;2.7;0.2;;
50;Bánh rán đường;(Sugar-coated fried cake);https://viendinhduong.vn/storage/app/uploads/public/2025/11/06/screenshot_50.webp;680.0;10.5;32.0;87.5;0.6;;;206.6;4.1;3.0;252.4;;124.0;7.1;0.6;;
51;Bánh quẩy;(Fried dough sticks);https://viendinhduong.vn/storage/app/uploads/public/2025/11/06/screenshot_49.webp;100.4;2.4;3.2;15.4;;;;;;;;;;;;;
52;Bánh nếp;(Glutinous rice cake);https://viendinhduong.vn/storage/app/uploads/public/2025/11/06/screenshot_48.webp;282.9;8.0;3.7;54.3;0.4;;;16.5;1.2;1.4;99.4;5.4;40.8;2.9;0.4;;
53;Bánh mỳ thập cẩm;(Mixed sandwich);https://viendinhduong.vn/storage/app/uploads/public/2025/11/06/screenshot_47.webp;541.4;22.8;30.3;44.5;400.5;;;73.0;4.7;1.3;206.5;86.5;95.0;494.3;25.2;;
54;Bánh mỳ que;(Breadstick);https://viendinhduong.vn/storage/app/uploads/public/2025/11/06/screenshot_46.webp;478.0;5.6;42.1;19.1;373.4;;;40.6;2.6;0.2;253.4;42.0;33.0;670.7;24.1;;
55;Bánh mỳ giò chả;(Bread with pork sausage);https://viendinhduong.vn/storage/app/uploads/public/2025/11/06/screenshot_45.webp;337.1;10.4;19.0;31.1;3.3;;;31.9;2.1;1.3;142.9;14.0;60.0;40.0;1.5;;
56;Bánh mỳ bate trứng;(Bread with pâté and egg);https://viendinhduong.vn/storage/app/uploads/public/2025/11/06/screenshot_44.webp;415.8;17.6;20.9;39.5;914.2;;;58.9;4.3;0.4;944.7;79.5;59.8;2223.6;9.8;;
57;Bánh mỳ;(Bread);https://viendinhduong.vn/storage/app/uploads/public/2025/11/06/screenshot_43.webp;125.0;4.0;0.4;26.4;;;;14.0;1.0;;;;;;;;
58;Bánh giò;(Pyramid rice dumpling);https://viendinhduong.vn/storage/app/uploads/public/2025/11/06/screenshot_42.webp;325.5;15.0;11.1;41.3;85.4;;;52.3;5.4;2.2;348.4;265.5;40.6;4.2;0.4;;
59;Bánh gối 3 cái;(Three fried pillow cakes);https://viendinhduong.vn/storage/app/uploads/public/2025/11/06/screenshot_41.webp;573.8;16.1;25.3;70.4;103.5;;;117.5;6.5;3.3;352.2;100.0;163.9;804.8;17.0;;
60;Bánh gai;(Black sticky rice cake);https://viendinhduong.vn/storage/app/uploads/public/2025/11/06/screenshot_40.webp;175.4;3.3;1.8;36.6;;;;167.7;8.3;0.4;;;;;;;
61;Bánh đúc;(Plain rice cake);https://viendinhduong.vn/storage/app/uploads/public/2025/11/06/screenshot_39.webp;193.7;4.6;1.2;41.1;;;;150.0;1.2;;;;;;;;
62;Bánh đa;(Sesame rice cracker);https://viendinhduong.vn/storage/app/uploads/public/2025/11/06/screenshot_38.webp;818.1;25.9;7.3;162.2;;;;;;;;;;;;;
63;Bánh dày ngọt;(Sweet sticky rice cake);https://viendinhduong.vn/storage/app/uploads/public/2025/11/06/screenshot_37.webp;374.9;9.6;1.4;81.1;0.3;;;23.3;1.6;1.7;2.7;;54.7;4.0;0.5;;
64;Bánh dày giò;(Sticky rice cake with pork sausage);https://viendinhduong.vn/storage/app/uploads/public/2025/11/06/screenshot_36.webp;290.3;16.6;3.9;47.1;;;;10.0;0.8;1.4;1.9;23.9;10.6;;;;
65;Bánh dày;(Sticky rice cake);https://viendinhduong.vn/storage/app/uploads/public/2025/11/06/screenshot_34.webp;222.7;7.0;1.1;46.1;0.3;;;15.6;1.2;1.3;2.3;;39.1;3.4;0.5;;
66;Bánh chưng rán;(Fried square sticky rice cake);https://viendinhduong.vn/storage/app/uploads/public/2025/11/06/screenshot_33.webp;416.0;15.0;5.5;76.6;1.1;;;51.6;2.5;1.9;126.8;7.4;107.0;10.2;1.4;;
67;Bánh chưng rán;(Fried square sticky rice cake);https://viendinhduong.vn/storage/app/uploads/public/2025/11/06/screenshot_32.webp;374.5;14.3;4.8;68.4;9.3;;;54.7;2.8;1.8;900.2;6.5;99.0;107.1;7.3;;
68;Bánh chuối;(Banana cake);https://viendinhduong.vn/storage/app/uploads/public/2025/11/06/screenshot_31.webp;177.1;2.0;9.5;20.9;2.0;;;12.2;0.6;0.5;11.2;;38.8;16.2;3.7;;
69;Bánh chay;(Sweet mung bean glutinous rice balls);https://viendinhduong.vn/storage/app/uploads/public/2025/11/06/screenshot_30.webp;200.5;2.8;5.6;34.8;0.1;;;28.4;4.5;1.1;4.8;;36.7;0.9;0.4;;
70;Bánh cuốn chả;(Steamed rice rolls with pork sausage);https://viendinhduong.vn/storage/app/uploads/public/2025/11/06/screenshot_29.webp;492.3;26.1;17.3;58.1;1.2;;;55.2;5.6;3.2;6.4;;30.4;4.9;3.0;;
71;Bánh cuốn;(Steamed rice rolls);https://viendinhduong.vn/storage/app/uploads/public/2025/11/06/screenshot_28.webp;572.3;27.5;20.1;70.4;82.9;;;116.5;6.1;3.1;1085.6;178.6;54.4;218.7;28.3;;
72;Bánh bột lọc;(Tapioca dumplings);https://viendinhduong.vn/storage/app/uploads/public/2025/11/06/screenshot_27.webp;366.6;8.6;18.4;41.7;58.8;;;47.2;1.2;0.2;110.5;13.5;22.2;622.4;9.9;;
73;Cháo sườn;(Pork rib porridge);https://viendinhduong.vn/storage/app/uploads/public/2025/11/06/screenshot_26.webp;319.7;14.3;11.1;40.6;29.6;;;32.1;1.0;1.8;153.2;22.9;23.0;355.6;4.1;;
74;Cháo trai không quẩy;(Clam porridge without fried dough sticks);https://viendinhduong.vn/storage/app/uploads/public/2025/11/06/screenshot_25.webp;253.7;12.5;3.1;43.9;153.1;;;1210.7;3.6;3.3;99.7;57.8;27.8;1.2;8.2;;
75;Cháo trai có quẩy;(Clam porridge with fried dough sticks);https://viendinhduong.vn/storage/app/uploads/public/2025/11/06/screenshot_24.webp;272.0;9.3;6.2;44.8;69.8;;;559.6;2.0;1.8;45.1;25.5;15.6;24.8;7.9;;
76;Cháo đỗ xanh;(Mung bean porridge);https://viendinhduong.vn/storage/app/uploads/public/2025/11/06/screenshot_23.webp;229.0;6.9;0.9;48.4;0.2;;;47.2;1.6;1.1;920.1;;7.4;2.2;0.2;;
77;Cháo đậu đen đường;(Black bean sweet porridge);https://viendinhduong.vn/storage/app/uploads/public/2025/11/06/screenshot_22.webp;322.0;4.9;0.5;74.4;0.2;2.8;0.3;29.2;1.1;0.5;1.6;;4.8;;;;
78;Xôi xéo;(Savory sticky rice with mung bean paste);https://viendinhduong.vn/storage/app/uploads/public/2025/11/06/screenshot_21.webp;461.4;10.2;9.5;83.7;0.4;;;36.6;2.6;2.6;19.2;4.8;40.1;4.5;2.4;;
79;Xôi trắng muối vừng;(Plain sticky rice with sesame salt);https://viendinhduong.vn/storage/app/uploads/public/2025/11/06/screenshot_20.webp;505.7;12.5;3.5;106.2;;;;32.5;1.9;3.2;200.1;;30.4;0.3;;;
80;Xôi lạc vừng;(Sticky rice with peanuts and sesame);https://viendinhduong.vn/storage/app/uploads/public/2025/11/06/screenshot_19.webp;692.8;20.6;16.2;116.3;0.3;;;77.4;2.9;4.0;788.5;;88.1;3.3;0.2;;
81;Xôi khúc;(Pandan sticky rice cake);https://viendinhduong.vn/storage/app/uploads/public/2025/11/06/screenshot_18.webp;611.0;16.2;16.8;98.8;0.7;;;115.4;3.4;3.1;313.8;9.9;110.7;8.0;0.9;;
82;Xôi đỗ xanh;(Mung bean sticky rice);https://viendinhduong.vn/storage/app/uploads/public/2025/11/06/screenshot_17.webp;603.4;17.2;12.8;104.9;0.8;;;119.4;10.3;3.9;102.1;;155.8;9.7;1.7;;
83;Xôi dừa;(Coconut sticky rice);https://viendinhduong.vn/storage/app/uploads/public/2025/11/06/screenshot_16.webp;596.3;14.5;6.0;121.0;0.1;;;84.3;3.4;4.0;5.5;3.8;51.0;0.9;;;
84;Xôi chè;(Sweet sticky rice and pudding);https://viendinhduong.vn/storage/app/uploads/public/2025/11/06/screenshot_15.webp;803.8;25.6;4.5;165.3;1.2;;;93.7;4.5;4.1;523.2;;162.1;14.7;2.0;;
85;Cơm suất 45k;(Set meal 45k);https://viendinhduong.vn/storage/app/uploads/public/2025/11/06/screenshot_14.webp;925.0;54.9;28.7;111.9;20.7;;;129.2;5.0;4.5;749.9;30.5;87.1;35.5;25.4;;
86;Cơm suất 45k;(Set meal 45k);https://viendinhduong.vn/storage/app/uploads/public/2025/11/06/screenshot_13.webp;686.2;35.9;16.8;97.8;309.3;;;204.0;5.2;3.7;734.7;566.2;71.3;2150.4;20.9;;
87;Cơm suất 45k;(Set meal 45k);https://viendinhduong.vn/storage/app/uploads/public/2025/11/06/screenshot_12.webp;740.4;34.8;17.8;110.2;698.1;;;224.1;6.7;5.2;780.9;321.3;76.9;7425.9;62.4;;
88;Cơm suất 40K;(Set meal 40k);https://viendinhduong.vn/storage/app/uploads/public/2025/11/06/screenshot_11.webp;631.1;30.2;22.6;76.8;53.9;;;92.6;3.5;4.1;774.6;46.7;55.0;355.2;11.7;;
89;Cơm suất 40k;(Set meal 40k);https://viendinhduong.vn/storage/app/uploads/public/2025/11/06/screenshot_10.webp;596.7;32.0;11.2;91.9;14.0;;;147.1;3.0;2.6;636.8;39.3;74.6;88.8;30.9;;
90;Cơm suất 35k;(Set meal 35k);https://viendinhduong.vn/storage/app/uploads/public/2025/11/06/screenshot_9.webp;669.7;29.4;16.9;100.0;155.7;;;119.4;4.7;4.1;728.7;245.3;58.2;729.7;10.2;;
91;Cơm suất 30k;(Set meal 30k);https://viendinhduong.vn/storage/app/uploads/public/2025/11/06/screenshot_8.webp;866.2;33.3;22.1;133.5;59.6;;;86.7;5.7;4.3;377.8;78.6;101.5;9.3;22.4;;
92;Cơm suất 30k;(Set meal 30k);https://viendinhduong.vn/storage/app/uploads/public/2025/11/06/screenshot_7.webp;718.8;39.0;18.3;99.4;56.6;;;202.8;5.5;5.6;556.3;48.2;51.0;530.7;27.0;;
93;Cơm rang thập cẩm;(Mixed fried rice);https://viendinhduong.vn/storage/app/uploads/public/2025/11/06/screenshot_6.webp;930.8;39.8;24.5;137.8;133.2;;;130.6;5.2;3.3;3628.7;257.9;99.0;408.0;15.3;;
94;Cơm rang dưa bò;(Fried rice with pickled mustard greens and beef);https://viendinhduong.vn/storage/app/uploads/public/2025/11/06/screenshot_5.webp;753.4;36.9;17.1;113.0;123.4;;;142.8;5.9;6.1;2014.6;259.8;95.3;413.0;19.8;;
95;Cơm bình dân 35k;(Affordable set rice meal 35k);https://viendinhduong.vn/storage/app/uploads/public/2025/11/06/screenshot_4.webp;595.9;32.0;14.7;83.9;119.8;;;180.5;5.2;3.8;766.8;36.5;57.8;1268.9;12.4;;
96;Bún sườn mọc;(Pork rib and meatball noodle soup);https://viendinhduong.vn/storage/app/uploads/public/2025/11/06/screenshot_3.webp;510.2;25.1;14.5;69.8;47.4;;;97.8;3.0;3.2;826.2;49.0;26.0;534.0;16.0;;
97;Bún riêu cua bò giò;(Crab noodle soup with beef and pork trotters);https://viendinhduong.vn/storage/app/uploads/public/2025/11/06/screenshot_2.webp;515.6;22.1;23.3;54.3;6.9;;;59.4;2.3;1.7;20.5;23.4;25.6;82.2;3.7;;
98;Bún riêu;(Crab noodle soup);https://viendinhduong.vn/storage/app/uploads/public/2025/11/06/screenshot_1.webp;334.5;9.7;8.1;55.8;79.5;;;96.4;2.3;0.7;819.0;4.9;39.3;889.6;36.4;;
99;Xôi chè;(Sticky rice with sweet soup);https://viendinhduong.vn/storage/app/uploads/public/2025/11/04/xoi_che_hp.webp;404.6;11.0;5.4;78.0;1.3;;;61.8;3.4;1.2;56.1;0.0;73.7;15.3;1.8;;
100;Xôi pate thịt;(Sticky rice with pâté and meat);https://viendinhduong.vn/storage/app/uploads/public/2025/11/04/xoi_pate_thit.webp;849.8;32.3;21.2;132.6;864.4;;;105.1;5.6;6.1;1160.5;85.2;93.8;673.1;30.0;;
101;Xôi pate;(Sticky rice with pate);https://viendinhduong.vn/storage/app/uploads/public/2025/11/04/xoi_pate.webp;771.6;22.2;17.0;132.5;489.7;;;66.7;4.5;3.7;929.8;70.0;94.0;53.8;4.6;;
102;Cơm suất 45k;(45.000 VNĐ Set meal);https://viendinhduong.vn/storage/app/uploads/public/2025/11/04/com_suat_45k6.webp;922.7;45.4;24.5;130.2;814.2;9567.1;51.7;290.9;7.1;6.4;1612.3;107.7;117.2;;;;
103;Cơm suất (thịt gà, lợn, trứng);(Set meal (chicken, pork belly, and egg));https://viendinhduong.vn/storage/app/uploads/public/2025/11/04/com_suatthit_ga_lon_trung.webp;893.5;48.4;17.4;135.8;245.0;;;171.6;7.0;6.6;738.5;93.0;73.4;1517.7;37.2;;
104;Cơm suất (tôm, ốc, thịt gà);(Set meal (shrimp, snail, and chicken));https://viendinhduong.vn/storage/app/uploads/public/2025/11/04/com_suattom_oc_thit_ga.webp;970.3;64.9;21.8;128.6;312.9;;;362.4;7.2;5.8;946.0;274.9;111.4;1774.4;19.1;;
105;Cơm suất (móng giò, giả cầy);(Pork trotters with fake dog meat sauce);https://viendinhduong.vn/storage/app/uploads/public/2025/10/31/com_suat_mong_gio_gia_cay.webp;661.5;20.0;5.8;132.3;7.2;;;107.3;3.5;4.0;496.8;13.1;50.0;84.2;23.9;;
106;Cơm suất (ba chỉ kho);(Set meal (braised pork belly));https://viendinhduong.vn/storage/app/uploads/public/2025/10/31/com_suat_ba_chi_kho.webp;849.3;34.2;25.8;120.2;322.9;;;410.2;7.5;4.5;762.8;89.6;43.9;3747.8;13.0;;
107;Cơm suất (ba chỉ rang);(Pork belly with rice);https://viendinhduong.vn/storage/app/uploads/public/2025/10/31/com_suat_ba_chi_rang.webp;877.1;36.1;22.3;133.0;169.2;;;631.9;17.4;4.7;915.9;75.9;71.2;1923.5;182.2;;
108;Cơm suất (sườn, đậu, chả lá lốt);(Rice with grilled pork chop, egg roll, and fried egg);https://viendinhduong.vn/storage/app/uploads/public/2025/10/31/com_suat_suon_dau_cha_la_lot.webp;664.6;33.3;20.6;86.6;284.1;;;317.6;5.9;6.0;3098.0;85.9;76.0;6565.5;64.2;;
109;Bún ốc;(Snail noodle soup);https://viendinhduong.vn/storage/app/uploads/public/2025/10/31/screenshot_56.webp;878.8;72.9;22.8;95.4;47.1;;;165.2;3.7;7.0;1994.7;34.9;37.9;542.6;43.2;;
110;Bún ngan Thanh Hà;(Thanh Ha duck noodle soup);https://viendinhduong.vn/storage/app/uploads/public/2025/10/31/screenshot_55.webp;707.0;28.1;30.1;81.1;62.0;705.1;32.4;156.8;5.5;2.6;773.3;4.7;33.4;;;;
111;Bún ngan;(Duck noodle soup);https://viendinhduong.vn/storage/app/uploads/public/2025/10/31/screenshot_54.webp;688.6;28.8;31.3;72.8;102.4;;;138.2;9.4;2.7;136.6;;20.9;1163.2;50.1;;
112;Bún đậu mắm tôm;(Vermicelli with fried tofu and shrimp paste);https://viendinhduong.vn/storage/app/uploads/public/2025/10/31/screenshot_53.webp;980.6;40.1;47.5;98.1;99.0;;;508.5;11.4;3.7;158.9;37.5;142.6;1029.9;118.3;;
113;Bún cá;(Fish noodle soup);https://viendinhduong.vn/storage/app/uploads/public/2025/10/31/screenshot_52.webp;370.5;29.5;9.2;42.5;125.2;;;205.4;2.5;0.7;726.0;4.4;23.9;1427.2;85.9;;
114;Nộm bò khô;(Dried beef salad);https://viendinhduong.vn/storage/app/uploads/public/2025/10/31/screenshot_51.webp;397.6;30.4;19.4;25.1;148.8;;;103.3;6.2;3.0;2522.9;133.3;122.4;1143.4;67.8;;
115;Nộm bò khô;(Dried beef salad);https://viendinhduong.vn/storage/app/uploads/public/2025/10/31/screenshot_50.webp;349.0;30.3;18.9;13.6;67.2;;;120.5;4.7;1.4;32.7;17.6;131.4;797.7;47.2;;
116;Nem nướng (5 cái);(Grilled pork rolls (5 pieces));https://viendinhduong.vn/storage/app/uploads/public/2025/10/31/screenshot_49.webp;162.0;25.0;4.3;5.8;5.4;;;44.8;1.9;5.1;228.1;40.5;22.0;28.4;4.5;;
117;Khoai tây chiên;(French fries);https://viendinhduong.vn/storage/app/uploads/public/2025/10/31/screenshot_48.webp;216.1;2.7;9.4;30.1;0.6;;;13.7;1.6;0.4;9.6;;43.8;6.9;13.7;;
118;Đùi gà rán;(Fried chicken thigh);https://viendinhduong.vn/storage/app/uploads/public/2025/10/31/screenshot_47.webp;287.2;14.9;21.9;7.6;12.8;;;17.9;0.8;1.4;93.4;;10.3;57.3;3.4;;
119;Cốm Huy Linh;(Huy Linh young green rice);https://viendinhduong.vn/storage/app/uploads/public/2025/10/31/screenshot_46.webp;1496.0;30.5;4.0;334.5;;;;120.0;5.0;;;;;;;;
120;Chân gà nướng muối;(Grilled chicken feet with salt);https://viendinhduong.vn/storage/app/uploads/public/2025/10/31/screenshot_45.webp;162.2;6.4;9.7;12.4;34.2;;;71.7;3.1;0.8;174.3;;48.3;394.5;20.5;;
121;Chân gà nướng mắm (5 cái);(Grilled chicken feet with fish sauce (5 pieces));https://viendinhduong.vn/storage/app/uploads/public/2025/10/31/screenshot_44.webp;175.5;9.9;8.6;14.6;36.1;395.9;22.2;80.1;3.5;0.9;1561.9;;54.8;;;;
122;Chân gà nướng (5 cái);(Grilled chicken feet (5 pieces));https://viendinhduong.vn/storage/app/uploads/public/2025/10/31/screenshot_43.webp;162.0;12.4;8.0;10.1;103.5;;;176.4;5.4;0.5;490.1;;11.7;1199.8;9.3;;
123;Chân gà nướng;(Grilled chicken feet);https://viendinhduong.vn/storage/app/uploads/public/2025/10/31/screenshot_42.webp;128.2;7.0;8.9;5.1;78.7;;;43.7;1.4;0.6;560.6;;27.8;912.9;26.8;;
124;Chả cá thăng long chảo;(Pan-fried Thang Long fish);https://viendinhduong.vn/storage/app/uploads/public/2025/10/31/screenshot_41.webp;782.0;54.0;17.1;103.0;346.0;;;657.4;4.0;1.4;2054.3;;332.5;4143.5;132.3;;
125;Cánh gà nướng;(Grilled chicken wings);https://viendinhduong.vn/storage/app/uploads/public/2025/10/31/screenshot_40.webp;739.0;64.1;51.2;5.5;111.4;;;138.4;6.5;5.0;554.6;;28.5;916.2;31.0;;
126;Kem trứng;(Egg ice cream);https://viendinhduong.vn/storage/app/uploads/public/2025/10/31/screenshot_39.webp;218.9;8.9;16.0;9.9;465.7;;;77.1;4.8;2.5;53.9;960.0;56.6;42.2;;;
127;Kem sữa dừa;(Coconut milk ice cream);https://viendinhduong.vn/storage/app/uploads/public/2025/10/31/screenshot_38.webp;139.2;2.2;5.9;19.3;67.2;;;84.0;0.2;0.2;42.0;;9.8;;;;
128;Kem khoai môn;(Taro ice cream);https://viendinhduong.vn/storage/app/uploads/public/2025/10/31/screenshot_37.webp;141.2;2.3;6.0;19.6;68.2;;;85.2;0.2;0.2;42.6;;9.9;;;;
129;Kem socola;(Chocolate ice cream);https://viendinhduong.vn/storage/app/uploads/public/2025/10/31/screenshot_36.webp;134.9;2.2;6.0;18.1;68.8;3.8;;75.8;0.3;0.3;42.2;;12.1;;;;
130;Kem sầu riêng;(Durian ice cream);https://viendinhduong.vn/storage/app/uploads/public/2025/10/31/screenshot_35.webp;137.2;2.2;5.8;19.0;66.2;;;82.8;0.1;0.2;41.4;;9.7;;;;
131;Kem ốc quế vani;(Vanilla cone ice cream);https://viendinhduong.vn/storage/app/uploads/public/2025/10/31/screenshot_34.webp;180.0;3.1;6.6;27.1;61.9;;;78.7;0.4;0.2;37.2;;8.7;9.8;;;
132;Kem ốc quế cacao;(Cocoa cone ice cream);https://viendinhduong.vn/storage/app/uploads/public/2025/10/31/screenshot_33.webp;195.2;3.4;8.1;27.2;80.5;;;70.8;0.8;0.4;46.4;;17.7;21.3;;;
133;Kem đậu xanh;(Mung bean ice cream);https://viendinhduong.vn/storage/app/uploads/public/2025/10/31/screenshot_32.webp;139.2;2.2;5.9;19.3;67.2;;;84.0;0.2;0.2;42.0;;9.8;;;;
134;Kem cốm;(Young green rice ice cream);https://viendinhduong.vn/storage/app/uploads/public/2025/10/31/screenshot_31.webp;139.2;2.2;5.9;19.3;67.2;;;84.0;0.2;0.2;42.0;;9.8;;;;
135;Kem cacao;(Cocoa ice cream);https://viendinhduong.vn/storage/app/uploads/public/2025/10/31/screenshot_30.webp;161.2;2.7;7.8;20.0;90.9;;;0.7;0.4;54.0;;20.6;;13.5;77.4;;
136;Tào phớ truyền thống;(Traditional tofu pudding);https://viendinhduong.vn/storage/app/uploads/public/2025/10/31/screenshot_29.webp;83.8;4.3;0.4;15.8;;;;171.6;0.6;;61.5;;70.9;;;;
137;Hoa quả dầm;(Mixed fruit bowl);https://viendinhduong.vn/storage/app/uploads/public/2025/10/31/screenshot_28.webp;297.2;6.2;6.1;54.3;198.1;;;234.0;3.1;1.2;83.5;14.6;53.5;1687.7;101.8;;
138;Chè xoài;(Mango sweet soup);https://viendinhduong.vn/storage/app/uploads/public/2025/10/31/screenshot_27.webp;151.9;3.1;2.3;29.7;49.2;;;109.4;0.8;0.9;34.8;7.8;41.7;373.8;25.8;;
139;Chè thập cẩm;(Mixed sweet soup);https://viendinhduong.vn/storage/app/uploads/public/2025/10/31/screenshot_26.webp;442.0;13.3;6.2;83.3;1.1;;;144.5;7.9;1.9;19.1;0.6;151.4;13.5;1.2;;
140;Chè khúc bạch;(Almond milk jelly dessert);https://viendinhduong.vn/storage/app/uploads/public/2025/10/31/screenshot_25.webp;284.5;8.2;13.9;31.6;51.8;;;187.6;1.0;1.1;389.1;42.0;70.8;22.0;21.3;;
141;Caramen;(Caramen);https://viendinhduong.vn/storage/app/uploads/public/2025/10/31/screenshot_24.webp;77.4;3.7;2.9;9.1;;;;59.0;0.7;0.3;;;;;;;
142;Caramen hoa quả;(Fruit caramel pudding);https://viendinhduong.vn/storage/app/uploads/public/2025/10/31/screenshot_22.webp;136.7;5.9;4.2;18.8;14.2;;;91.4;1.7;0.6;2.3;;7.1;157.5;6.1;;
143;Burger Cheesy;(Burger Cheesy);https://viendinhduong.vn/storage/app/uploads/public/2025/10/31/screenshot_21.webp;832.6;50.2;46.4;53.5;102.3;;;376.8;9.8;5.6;965.5;122.0;90.1;421.5;18.1;;
144;Burger BBQ;(Burger BBQ);https://viendinhduong.vn/storage/app/uploads/public/2025/10/31/screenshot_20.webp;754.8;55.1;35.4;53.9;111.4;;;379.4;10.6;6.1;1152.6;135.6;94.7;524.0;22.4;;
145;Cơm suất (cá, trứng, thịt);(Set meal (scad fish, egg and pork belly));https://viendinhduong.vn/storage/app/uploads/public/2025/10/31/com_suatcatrungthit_hp.webp;799.7;41.7;36.7;75.7;494.7;;;295.2;7.3;5.6;3615.7;65.1;130.5;5253.8;43.9;;
146;Bánh bột lọc;(Tapioca dumplings);https://viendinhduong.vn/storage/app/uploads/public/2025/10/31/screenshot_19.webp;681.0;14.5;32.8;82.0;142.3;;;102.6;3.9;0.3;1429.3;24.6;42.0;1655.4;58.9;;
147;Cơm rang thập cẩm;(Fried rice with meat and vegetables);https://viendinhduong.vn/storage/app/uploads/public/2025/10/31/com_rang_thap_cam_hp2.webp;1068.1;59.2;56.5;80.6;109.7;;;193.9;9.4;3.4;1823.6;60.8;55.3;612.2;4.4;;
148;Bánh bột lọc;(Tapioca dumplings);https://viendinhduong.vn/storage/app/uploads/public/2025/10/31/screenshot_18.webp;449.3;10.3;19.4;58.4;208.8;;;112.0;2.8;0.6;1116.7;16.1;48.7;2157.7;46.6;;
149;Bánh trôi tàu;(Black sesame glutinous rice balls in ginger syrup);https://viendinhduong.vn/storage/app/uploads/public/2025/10/31/screenshot_17.webp;255.9;5.3;6.0;45.2;0.2;;;75.9;1.7;0.9;5.1;0.6;40.4;2.4;0.4;;
150;Bánh trôi;(Floating rice balls);https://viendinhduong.vn/storage/app/uploads/public/2025/10/31/screenshot_16.webp;355.3;7.0;9.3;60.9;0.3;;;93.4;3.7;1.4;6.5;0.6;60.0;3.0;0.7;;
151;Bánh tôm (5 cái);(Shrimp fritters (5 pieces));https://viendinhduong.vn/storage/app/uploads/public/2025/10/31/screenshot_15.webp;587.5;21.6;18.2;84.3;100.7;;;148.9;3.9;3.1;2590.6;71.1;252.1;1007.3;58.9;;
152;Bánh tôm;(Shrimp fritters);https://viendinhduong.vn/storage/app/uploads/public/2025/10/31/screenshot_14.webp;558.0;20.4;19.6;75.0;79.8;;;82.8;1.6;0.9;36.6;77.0;76.2;920.4;28.0;;
153;Bánh tôm;(Shrimp fritters);https://viendinhduong.vn/storage/app/uploads/public/2025/10/31/screenshot_13.webp;553.1;20.2;18.4;76.8;144.1;;;140.6;3.8;3.2;1049.6;71.5;225.9;1439.5;38.7;;
154;Bánh cuốn nhân thịt;(Steamed rice rolls with minced pork filling);https://viendinhduong.vn/storage/app/uploads/public/2025/10/31/screenshot_12.webp;476.8;24.0;22.2;45.1;25.4;;;63.7;3.5;2.2;5.7;18.0;31.2;296.4;9.0;;
155;Bánh cuốn nóng;(Hot steamed rice rolls);https://viendinhduong.vn/storage/app/uploads/public/2025/10/31/screenshot_11.webp;761.2;35.9;31.7;83.2;236.3;1143.6;96.0;159.7;5.5;4.5;1444.0;283.7;136.4;;;;
156;Bánh cuốn chả bà hoành;(Steamed rice rolls with pork sausage (Ba Hoanh style));https://viendinhduong.vn/storage/app/uploads/public/2025/10/31/screenshot_10.webp;762.7;26.2;31.0;94.7;55.1;;;147.7;11.1;3.1;2496.2;;110.0;644.5;47.7;;
157;Bánh cuốn;(Steamed rice rolls);https://viendinhduong.vn/storage/app/uploads/public/2025/10/31/screenshot_9.webp;444.8;13.8;21.0;50.1;8.1;;;58.6;2.6;0.7;684.8;20.3;40.5;89.6;18.1;;
158;Bánh mỳ sốt vang;(Red wine beef stew baguette);https://viendinhduong.vn/storage/app/uploads/public/2025/10/31/screenshot_8.webp;527.7;46.6;21.9;36.0;45.6;;;58.0;8.3;0.1;5.7;;4.2;488.9;19.4;;
159;Bánh mỳ pate trứng chả;(Pâté, egg, and pork sausage baguette);https://viendinhduong.vn/storage/app/uploads/public/2025/10/31/screenshot_6.webp;359.5;20.1;11.3;44.5;712.0;;;54.5;3.3;1.4;388.0;275.8;22.2;180.7;14.3;;
160;Bánh mỳ pate trứng;(Pâté and egg baguette);https://viendinhduong.vn/storage/app/uploads/public/2025/10/31/screenshot_5.webp;351.5;20.3;10.7;43.5;716.2;;;48.9;3.2;1.2;556.7;274.0;21.7;334.5;8.7;;
161;Bánh mỳ gà quay;(Roasted chicken baguette);https://viendinhduong.vn/storage/app/uploads/public/2025/10/31/screenshot_4.webp;358.6;22.5;12.1;39.9;91.5;;;66.2;2.7;2.1;92.3;;17.2;471.4;10.2;;
162;Bánh mỳ bít tết;(Steak baguette);https://viendinhduong.vn/storage/app/uploads/public/2025/10/31/screenshot_3.webp;997.0;47.3;43.0;105.2;842.0;;;108.6;11.4;3.2;785.2;423.8;192.2;292.7;35.7;;
163;Bánh mì thập cẩm;(Mixed Vietnamese baguette);https://viendinhduong.vn/storage/app/uploads/public/2025/10/31/screenshot_1.webp;678.8;30.6;40.5;48.1;775.3;;;49.2;5.7;0.8;173.4;159.3;78.1;27.4;1.4;;
164;Cơm rang thập cẩm;(Fried rice with meat and vegetables);https://viendinhduong.vn/storage/app/uploads/public/2025/10/29/com_rang_thap_cam_hp.webp;836.1;41.3;40.1;77.5;208.1;;;153.4;6.7;4.4;145.2;498.9;91.0;1035.2;3.8;;
165;Cơm rang dưa bò;(Fried rice with beef and pickles);https://viendinhduong.vn/storage/app/uploads/public/2025/10/29/com_rang_dua_bo_hp.webp;675.5;33.8;27.9;72.3;127.0;;;140.8;5.3;4.2;30.1;27.4;23.7;115.0;7.1;;
166;Cháo trai sườn;(Rice congee with mussel and pork rib meat);https://viendinhduong.vn/storage/app/uploads/public/2025/10/29/chao_trai_suon_hp.webp;339.0;14.1;11.8;44.1;6.6;;;44.8;0.9;1.8;124.0;21.6;18.0;1.1;3.6;;
167;Cháo sườn;(Pork bone congee);https://viendinhduong.vn/storage/app/uploads/public/2025/10/28/chao_suon_hp.png;574.7;29.6;255.0;56.7;3.7;;;62.3;2.2;6.1;;88.0;41.0;44.6;4.6;87.0;
168;Cháo lòng;(Pork organ congee);https://viendinhduong.vn/storage/app/uploads/public/2025/10/27/chao_long_hp3.png;257.9;21.9;10.0;20.1;747.4;;;49.1;29.3;2.2;494.1;119.8;22.4;150.4;11.0;;
169;Cháo lòng;(Pork organ congee);https://viendinhduong.vn/storage/app/uploads/public/2025/10/27/chao_long_hp2.png;291.1;21.7;12.7;22.5;1335.4;;;81.5;11.0;2.9;1631.9;132.8;63.3;721.4;32.5;;
170;Cháo lòng;(Pork organ congee);https://viendinhduong.vn/storage/app/uploads/public/2025/10/27/chao_long_hp.png;500.2;36.7;25.0;32.1;869.5;;;78.8;41.9;3.6;168.4;194.2;30.8;294.7;11.7;;
171;Cháo khoái;(Rice and spinach porridge with mung bean patse);https://viendinhduong.vn/storage/app/uploads/public/2025/10/27/chao_khoai_hp.png;195.7;8.2;5.9;27.4;4.0;;;20.0;1.1;1.1;12.1;10.4;44.1;48.0;2.5;;
172;Cháo gà;(Chicken congee);https://viendinhduong.vn/storage/app/uploads/public/2025/10/27/chao_ga_hp.png;375.9;26.1;4.6;57.6;31.6;;;129.8;11.8;3.1;18.7;0.0;36.3;278.7;10.1;;
173;Cháo ếch;(Frog congee);https://viendinhduong.vn/storage/app/uploads/public/2025/10/27/chao_ech_hp.png;571.8;66.2;4.4;66.8;102.8;;;150.9;6.5;3.9;1041.0;154.0;89.4;784.7;34.7;;
174;Cháo đỗ xanh;(Mung bean congee);https://viendinhduong.vn/storage/app/uploads/public/2025/10/27/chao_do_xanh_hp.png;244.6;3.8;0.6;56.0;0.0;;;23.0;0.5;0.6;1.8;0.0;5.1;0.0;0.0;;
175;Cháo lươn cay;(Spicy eel porridge);https://viendinhduong.vn/storage/app/uploads/public/2025/10/27/chao_luon_cay_hp.png;174.1;7.1;3.1;29.5;300.4;;;30.0;1.2;0.9;12.5;26.5;10.9;110.9;3.5;;
176;Xôi xéo;(Sticky rice with mung bean);https://viendinhduong.vn/storage/app/uploads/public/2025/10/27/xoi_xeo2.png;723.9;18.8;29.1;96.6;0.5;;;39.3;2.7;4.1;193.6;25.3;117.5;6.3;2.1;;
177;Xôi xéo;(Sticky rice with mung bean);https://viendinhduong.vn/storage/app/uploads/public/2025/10/27/xoi_xeo.png;588.0;15.4;9.3;110.7;2.4;;;42.3;2.8;3.2;10.7;0.0;74.9;29.0;3.6;;
178;Xôi chè bà cốt;(Ms.Cot's Sticky rice with sweet soup);https://viendinhduong.vn/storage/app/uploads/public/2025/10/27/xoi_che_ba_cot.png;476.8;15.2;2.6;98.1;0.7;;;55.6;2.7;2.5;310.4;0.0;96.2;8.7;1.2;;
179;Cháo trai;(Clam rice porridge);https://viendinhduong.vn/storage/app/uploads/public/2025/10/27/chao_trai_hn2.png;498.0;27.7;17.2;58.1;162.3;;;1194.4;3.5;3.7;259.6;87.4;38.4;48.8;4.1;;
180;Cháo trai;(Clam rice porridge);https://viendinhduong.vn/storage/app/uploads/public/2025/10/23/chao_trai.png;383.5;17.0;12.7;50.4;126.2;;;977.9;2.9;2.9;215.5;51.7;28.3;2.1;3.1;;
181;Cháo tim;(Heart congee);https://viendinhduong.vn/storage/app/uploads/public/2025/10/23/chao_tim_hn.png;327.2;16.3;4.3;55.7;41.2;;;72.5;5.1;5.4;53.0;88.4;28.0;422.3;7.4;;
182;Cháo sườn sụn;(Rice congee with pork cartilage);https://viendinhduong.vn/storage/app/uploads/public/2025/10/23/chao_suon_sun_hn.png;420.1;25.0;17.7;40.3;4.5;;;21.8;0.8;2.1;347.3;43.6;24.8;53.5;2.3;;
183;Cháo sườn lợn;(Pork rib congee);https://viendinhduong.vn/storage/app/uploads/public/2025/10/23/chao_suon_lon_hn.png;458.1;20.2;18.1;53.6;4.1;;;16.6;0.7;1.9;159.5;31.2;16.2;48.8;2.1;;
184;Cháo sườn;(Pork bone congee);https://viendinhduong.vn/storage/app/uploads/public/2025/10/23/chao_suon_hn2.png;358.6;18.6;13.7;40.2;4.4;;;19.1;0.6;1.2;308.2;21.6;20.6;53.3;2.3;;
185;Cháo sườn;(Pork bone congee);https://viendinhduong.vn/storage/app/uploads/public/2025/10/23/chao_suon_hn.png;332.9;11.0;11.2;47.0;5.9;;;17.7;0.7;1.5;18.1;16.7;10.2;70.3;3.1;;
186;Cháo lòng;(Pork organ congee);https://viendinhduong.vn/storage/app/uploads/public/2025/10/23/chao_long_hn4.png;358.5;37.3;9.0;32.0;4023.0;;;146.0;20.4;6.1;2211.3;359.9;105.0;3258.4;40.1;;
187;Cháo lòng;(Pork organ congee);https://viendinhduong.vn/storage/app/uploads/public/2025/10/23/chao_long_hn3.png;262.4;18.7;6.7;31.7;1267.3;109.2;6.4;46.8;12.5;2.7;83.5;98.4;14.0;;;;
188;Cháo lòng;(Pork organ congee);https://viendinhduong.vn/storage/app/uploads/public/2025/10/23/chao_long_hn2.png;313.8;19.2;5.7;46.4;945.0;;;52.0;9.3;2.8;73.8;115.6;15.7;27.2;2.5;;
189;Cháo lòng;(Pork organ congee);https://viendinhduong.vn/storage/app/uploads/public/2025/10/23/chao_long_hn.png;362.6;23.7;5.8;53.9;1099.2;;;324.5;5.8;3.3;1143.6;138.6;58.3;967.0;77.5;;
190;Cháo gà;(Chicken congee);https://viendinhduong.vn/storage/app/uploads/public/2025/10/23/chao_ga_hn2.png;371.4;20.1;12.2;45.2;166.0;991.6;15.1;76.0;2.3;1.9;54.3;52.1;45.3;;;;
191;Cháo gà;(Chicken congee);https://viendinhduong.vn/storage/app/uploads/public/2025/10/23/chao_ga_hn.png;587.4;33.7;22.0;63.6;159.2;;;56.0;2.7;2.8;91.0;93.8;46.3;110.0;5.0;;
192;Miến ngan trộn;(Vermicelli mixed with goose);https://viendinhduong.vn/storage/app/uploads/public/2025/10/23/mien_ngan_tron_hp.png;802.7;40.1;43.0;63.9;60.7;;;243.6;8.9;3.4;4277.3;2.5;71.5;702.0;62.4;;
193;Miến ngan nước;(Vermicelli soup with muscovy duck);https://viendinhduong.vn/storage/app/uploads/public/2025/10/23/mien_ngan_nuoc_hp.png;588.4;27.9;18.9;65.4;31.4;;;160.0;5.4;2.0;557.0;4.0;18.1;365.9;23.1;;
194;Miến gà trộn;(Vermicelli mixed with chicken);https://viendinhduong.vn/storage/app/uploads/public/2025/10/23/mien_ga_tron_hp.png;452.3;18.2;12.7;66.3;37.0;320.3;15.8;132.5;9.4;1.8;1230.0;47.0;48.5;;;;
195;Mỳ vằn thắn;(Wheat noodle with Wonton soup);https://viendinhduong.vn/storage/app/uploads/public/2025/10/23/my_van_than_hp3.png;392.6;24.2;18.8;31.6;1467.2;;;131.8;5.7;3.8;861.8;209.2;96.1;673.8;31.1;;
196;Mỳ trọn bò;(Wheat noodle mixed with beef);https://viendinhduong.vn/storage/app/uploads/public/2025/10/23/my_tron_bo_hp.png;670.2;36.9;23.4;78.0;76.4;815.5;20.4;65.7;3.8;3.9;1722.1;56.0;35.6;;;;
197;Mỳ trộn;(Wheat noodle mixed with wonton, meat and vegetables);https://viendinhduong.vn/storage/app/uploads/public/2025/10/23/my_tron_hp.png;703.5;23.6;22.0;102.8;126.0;556.9;14.5;67.7;3.6;1.9;3298.8;49.4;55.7;;;;
198;Mỳ chờ thập cẩm;(Wheat noodle soup with wonton and pork);https://viendinhduong.vn/storage/app/uploads/public/2025/10/23/my_cho_thap_cam_hp.png;613.0;27.4;21.7;77.0;1103.1;;;163.1;6.7;3.2;639.2;84.3;43.9;666.6;43.3;;
199;Mỳ chờ;(Wheat noodle soup with wonton);https://viendinhduong.vn/storage/app/uploads/public/2025/10/23/my_cho_hp.png;645.0;26.1;20.5;89.0;1221.1;;;131.4;6.0;2.4;895.0;98.5;51.1;481.7;20.2;;
200;Mỳ vằn thắn Thắng Huyền;(Thang Huyen's Wheat noodle with Wonton soup);https://viendinhduong.vn/storage/app/uploads/public/2025/10/23/my_van_than_thang_huyen.png;540.0;31.0;18.0;63.5;2153.1;;;145.6;7.3;4.5;933.0;216.0;66.4;2904.0;45.0;;
201;Mỳ tim cật;(Wheat noodle soup with mixed pork organs);https://viendinhduong.vn/storage/app/uploads/public/2025/10/23/my_tim_cat2_hn.png;517.5;34.1;15.5;60.4;3226.9;;;141.1;12.7;6.0;3218.1;316.2;316.2;627.1;54.4;;
202;Miến ngan;(Muscovy duck vermicelli);https://viendinhduong.vn/storage/app/uploads/public/2025/10/23/mien_ngan_hn.png;519.3;15.0;20.0;69.9;86.8;1038.8;27.0;172.9;5.2;2.6;442.6;3.1;70.8;;;;
203;Miến lươn (nước);(Vermicelli soup with eel);https://viendinhduong.vn/storage/app/uploads/public/2025/10/23/mien_luon.png;447.8;14.1;9.4;76.6;768.2;;;146.4;2.3;1.2;1197.1;56.6;23.0;205.3;30.2;;
204;Hủ tiếu Nam vang nước;(Phnom Penh-style noodle soup);https://viendinhduong.vn/storage/app/uploads/public/2025/10/23/hu_tieu_nam_vang_nuoc_hn.png;482.6;31.5;17.0;50.9;1080.6;;;175.3;6.8;3.9;1596.0;326.5;50.4;697.4;56.9;;
205;Bánh canh ghẹ;(Crab thick noodle soup);https://viendinhduong.vn/storage/app/uploads/public/2025/10/23/banh_canh_ghe_hn.png;337.8;22.4;9.0;41.7;137.8;;;106.6;12.0;2.8;205.6;252.7;38.0;644.2;23.8;;
206;Cơm tẻ miệng bát;(Broken rice with pork and shrimp paste);https://viendinhduong.vn/storage/app/uploads/public/2025/10/22/com_te_mieng_bat.png;258.0;5.7;0.8;57.2;0.0;181.0;;23.0;1.0;1.1;4.0;0.0;;0.0;0.0;;
207;Trứng gà rán ngải cứu;(Wormwood Fried Eggs);https://viendinhduong.vn/storage/app/uploads/public/2025/10/22/trung_ga_ran_ngai_cuu_hp.png;114.6;6.9;8.8;2.0;77.3;153.0;0.0;34.1;0.8;;;195.1;15.8;;;24.5;
208;Phở xào mềm;(Stir-fried rice noodles);https://viendinhduong.vn/storage/app/uploads/public/2025/10/22/pho_xao_mem.png;728.6;27.3;18.3;113.7;289.2;;;255.6;7.7;3.5;;36.7;66.0;3470.4;68.4;739.8;
209;Phở trộn;(Mixed Pho);https://viendinhduong.vn/storage/app/uploads/public/2025/10/22/pho_tron_hp.png;490.2;42.2;8.5;61.3;53.8;;;135.9;4.3;6.1;;52.8;111.2;629.2;42.1;1110.4;
210;Phở Trâu;(Noodle soup with buffalo meat);https://viendinhduong.vn/storage/app/uploads/public/2025/10/22/pho_trau2_hp.png;572.7;36.6;14.3;74.4;125.2;;;148.6;4.7;2.4;;56.6;70.8;1428.3;42.4;1102.2;
211;Phở tái bò;(Noodle soup with eye round steak and meat balls);https://viendinhduong.vn/storage/app/uploads/public/2025/10/22/pho_tai_bo_hp.png;528.8;50.6;5.6;69.1;25.5;;;138.3;4.6;8.0;;75.1;69.9;268.1;26.5;877.2;
212;Phở sốt vang;(Pho with beef stew in red wine);https://viendinhduong.vn/storage/app/uploads/public/2025/10/22/pho_sot_vang_hp.png;660.6;52.5;14.2;80.7;434.6;;;109.6;7.1;3.5;;27.7;30.9;4254.5;16.6;365.0;
213;Phở gà chặt;(Chopped chicken pho);https://viendinhduong.vn/storage/app/uploads/public/2025/10/22/pho_ga_chat_hp.png;414.7;17.9;13.5;55.4;54.5;;;78.9;1.5;0.7;;5.4;8.9;353.8;20.1;786.6;
214;Phở chiên phồng;(Fried Pho Noodle);https://viendinhduong.vn/storage/app/uploads/public/2025/10/22/pho_chien_phong_hp.png;773.7;40.7;27.7;90.6;101.8;;;169.5;5.0;7.0;;53.2;72.1;1125.0;82.9;776.9;
215;Phở bò tái;(Noodle soup with eye round steak);https://viendinhduong.vn/storage/app/uploads/public/2025/10/22/pho_bo_tai_hp.png;431.7;21.5;6.7;71.2;21.9;;;87.6;2.8;4.9;;25.0;22.5;252.4;19.3;1613.2;
216;Phở bò chín;(Noodle soup with brisket & meat balls);https://viendinhduong.vn/storage/app/uploads/public/2025/10/22/pho_bo_chin2_hp.png;448.5;31.2;6.7;65.7;94.5;;;136.7;3.9;4.7;;40.6;54.6;1119.5;40.3;2624.2;
217;Bún tôm;(Shrimp noodle soup);https://viendinhduong.vn/storage/app/uploads/public/2025/10/22/bun_tom4_hp.png;422.7;16.8;13.0;59.6;192.2;192.2;67.9;273.6;11.6;2.5;;79.8;56.6;;;362.0;
218;Bún rươi;(Rice vermicelli with freshwater crab);https://viendinhduong.vn/storage/app/uploads/public/2025/10/22/bun_ruoi_hp.png;371.4;13.8;6.7;64.1;108.1;;;171.0;3.6;0.5;;11.7;16.1;1247.3;25.4;562.8;
219;Bún riêu cua sườn sụn;(Crab and Pork Rib Noodle Soup);https://viendinhduong.vn/storage/app/uploads/public/2025/10/22/bun_rieu_cua_suon_sun_hp.png;582.9;38.7;38.7;68.1;269.1;;;1164.8;2.7;3.2;;46.3;116.2;3201.3;71.2;1331.0;
220;Bún riêu cua;(Crab noodle soup);https://viendinhduong.vn/storage/app/uploads/public/2025/10/22/bun_rieu_cua_hp.png;497.5;19.5;19.6;60.9;111.3;;;252.0;3.9;2.1;;43.2;67.7;1204.7;58.3;1374.9;
221;Bún ốc cô Mít;(Ms. Mit's Snail Noodle Soup);https://viendinhduong.vn/storage/app/uploads/public/2025/10/22/bun_oc_co_mit_hp.png;659.4;41.1;26.1;65.1;197.5;;;2704.8;4.0;2.2;;20.7;67.2;2348.3;29.2;2286.0;
222;Bún ốc;(Snail rice noodles);https://viendinhduong.vn/storage/app/uploads/public/2025/10/22/bun_oc_hp.png;548.5;28.6;24.6;24.6;69.1;;;1376.2;2.5;1.6;;26.5;35.1;786.5;15.4;588.3;
223;Bún ngâm;(Fermented fish noodle soup);https://viendinhduong.vn/storage/app/uploads/public/2025/10/22/bun_ngam_hp.png;485.5;21.9;9.7;77.7;100.4;;;219.8;3.4;1.7;;39.0;30.0;1155.0;69.5;913.5;
224;Bún ngan;(Muscovy duck noodle soup);https://viendinhduong.vn/storage/app/uploads/public/2025/10/22/bun_ngan3_hp.png;800.8;33.6;28.5;102.3;29.8;;;200.0;7.3;2.3;;4.0;44.7;349.6;21.8;4273.5;
225;Bún gà;(Chicken vermicelli soup);https://viendinhduong.vn/storage/app/uploads/public/2025/10/22/bun_ga_hp.png;443.0;23.4;15.3;53.0;108.6;;;144.0;9.0;1.3;;3.6;24.4;1120.5;39.3;523.3;
226;Bún đậu mắm tôm;(Vermicelli with fried tofu and shrimp paste);https://viendinhduong.vn/storage/app/uploads/public/2025/10/22/bun_dau_mam_tom3_hp.png;913.3;40.0;50.1;75.6;60.9;;;345.2;13.2;3.4;;34.1;79.8;643.5;22.1;71.3;
227;Bún chả quạt;(Grilled pork patties and vermicelli noodles);https://viendinhduong.vn/storage/app/uploads/public/2025/10/22/bun_cha_quat_hp.png;837.0;35.4;35.0;95.1;190.6;;;171.7;4.4;5.6;;135.1;169.4;1958.7;68.1;2563.3;
228;Bún chả nem;(Grilled pork with vermicelli and spring rolls);https://viendinhduong.vn/storage/app/uploads/public/2025/10/22/bun_cha_nem_hp.png;810.5;22.1;26.9;120.1;275.9;;;217.6;5.8;2.4;2659.7;161.8;135.7;2496.7;79.3;;
229;Bún chả cô Thu;(Cô Thu's Kebab Rice Noodles);https://viendinhduong.vn/storage/app/uploads/public/2025/10/22/bun_cha_co_thu_hp.png;434.8;15.4;11.5;67.4;81.7;;;86.3;2.4;1.4;2194.0;36.2;75.1;830.7;37.7;;
230;Bún chả;(Kebab rice noodles);https://viendinhduong.vn/storage/app/uploads/public/2025/10/22/bun_cha.png;746.5;22.3;21.5;116.0;177.1;;;131.3;3.5;2.7;2865.7;66.9;103.2;1682.8;50.6;;
231;Bún cua thập cẩm;(Rice vermicelli soup with crab and mixed seafood);https://viendinhduong.vn/storage/app/uploads/public/2025/10/22/bun_cua_thap_cam_hp.png;595.3;24.2;6.8;109.1;351.3;;;601.3;35.3;5.3;2227.0;87.0;143.6;3953.1;74.3;;
232;Bún cá chấm;(Fish noodle with dipings);https://viendinhduong.vn/storage/app/uploads/public/2025/10/22/bun_ca_cham.png;670.4;34.7;16.0;97.0;157.9;;;282.8;3.9;1.4;1289.7;4.0;56.2;1870.4;64.9;;
233;Bún cá cay chú Khò;(Spicy Fish Noodle Soup of Chef Khò);https://viendinhduong.vn/storage/app/uploads/public/2025/10/22/bun_ca_cay_chu_kho.png;515.8;36.1;17.1;54.4;82.8;;;213.0;2.3;0.4;1372.5;5.8;44.3;919.4;31.9;;
234;Phở xào;(Stir-fried pho);https://viendinhduong.vn/storage/app/uploads/public/2025/10/22/pho_xao.png;456.5;18.5;20.3;49.9;57.3;;;117.2;4.0;2.2;69.2;36.0;29.3;668.2;58.3;;
235;Phở sốt vang;(Beef stew pho noodle soup);https://viendinhduong.vn/storage/app/uploads/public/2025/10/22/pho_sot_vang.png;582.1;40.9;25.4;47.4;63.4;;;92.5;6.8;0.2;1890.0;0.0;11.4;706.3;28.5;;
236;Phở gà;(Sliced-chicken noodle soup);https://viendinhduong.vn/storage/app/uploads/public/2025/10/22/pho_ga3.png;455.7;20.2;13.9;62.4;22.2;;;80.4;1.6;0.8;687.5;4.7;7.9;205.5;14.4;;
237;Phở chiên;(Stir-fried pho);https://viendinhduong.vn/storage/app/uploads/public/2025/10/22/pho_chien.png;648.9;23.0;19.6;95.2;177.6;;;299.7;5.5;3.0;68.2;35.4;51.8;2118.9;97.0;;
238;Phở cuốn (10 cái);(Rolled up beef noodles);https://viendinhduong.vn/storage/app/uploads/public/2025/10/22/pho_cuon_2.png;781.4;41.0;28.8;89.4;57.0;;;94.1;6.3;3.5;2065.1;88.1;78.2;587.1;30.2;;
239;Phở bò xào;(Fried rice noodles with beef);https://viendinhduong.vn/storage/app/uploads/public/2025/10/22/pho_bo_xao.png;576.3;28.8;17.1;76.8;157.1;;;296.5;5.8;5.1;701.1;50.2;75.6;1875.8;143.5;;
240;Bún trộn nam bộ;(Southern Vietnamese beef noodle salad);https://viendinhduong.vn/storage/app/uploads/public/2025/10/22/bun_tron_nam_bo.png;492.8;20.0;12.8;74.5;125.7;;;68.7;2.6;0.6;1380.0;30.3;35.3;1258.2;8.2;;
241;Bún thang;(Hot rice noodle soup);https://viendinhduong.vn/storage/app/uploads/public/2025/10/22/bun_thang3.png;466.2;31.7;11.8;58.2;44.2;;;200.6;3.5;0.9;953.1;41.2;35.2;140.2;15.8;;
242;Bún riêu gánh;(Crab paste noodle soup);https://viendinhduong.vn/storage/app/uploads/public/2025/10/22/bun_rieu_ganh.png;673.9;43.5;29.2;59.2;112.4;;;2509.8;4.3;1.8;1690.6;42.4;62.6;1303.5;33.1;;
243;Bún ốc nóng;(Snail noodle soup);https://viendinhduong.vn/storage/app/uploads/public/2025/10/22/bun_oc_nong2.png;436.5;29.4;6.0;66.3;100.0;;;1709.6;1.3;1.6;2038.9;4.6;26.9;1191.4;23.9;;
244;Bún ốc;(Snail rice noodles);https://viendinhduong.vn/storage/app/uploads/public/2025/10/21/bun_oc.png;502.6;42.3;11.8;56.8;106.4;;;123.4;2.6;3.8;2531.3;5.7;37.2;1238.2;40.0;;
245;Bún giả cày;(Vietnamese rice vermicelli with fermented pork knuckle stew);https://viendinhduong.vn/storage/app/uploads/public/2025/10/21/bun_gia_cay.png;817.0;21.5;17.6;143.2;280.5;;;560.9;7.8;3.1;3410.8;20.7;196.6;2978.2;98.6;;
246;Bún đậu mẹt;(Vermicelli with fried tofu and shrimp paste);https://viendinhduong.vn/storage/app/uploads/public/2025/10/21/bun_dau_met.png;857.7;40.5;30.6;105.2;74.2;;;422.1;13.6;2.5;73.1;30.7;73.9;662.5;14.9;;
247;Bún dọc mùng;(Colocasia gigantea noodle soup);https://viendinhduong.vn/storage/app/uploads/public/2025/10/21/bun_doc_mung2.png;789.3;39.1;33.7;82.4;99.3;;;100.6;6.2;7.9;1634.0;166.0;62.0;785.0;31.7;;
248;Bún dọc mùng;(Colocasia gigantea noodle soup);https://viendinhduong.vn/storage/app/uploads/public/2025/10/21/bun_doc_mung.png;503.9;29.0;18.2;56.0;5.7;;;42.6;3.0;3.5;1079.0;103.0;23.0;39.8;2.4;;
249;Quả cóc dầm;(Pickled ambarella with chilli powder);https://viendinhduong.vn/storage/app/uploads/public/2025/08/21/screenshot_136.png;217.0;6.3;;48.0;;;;131.6;5.6;;2468.0;;;;;;
250;Quẩy đường (5 cái);(Wheat fritters twisted fried);https://viendinhduong.vn/storage/app/uploads/public/2025/08/21/screenshot_135.png;267.5;6.7;9.1;39.7;;0.1;;;;;;;;;;;
251;Pho mai que chiên 2 cái;(Deep fried cheese sticks (2 pieces));https://viendinhduong.vn/storage/app/uploads/public/2025/08/21/screenshot_134.png;341.8;14.4;25.1;14.6;136.7;84.2;5.2;370.6;0.6;2.0;298.9;50.4;48.0;;;;
252;Ngô nướng;(Grilled Corn on the Cob);https://viendinhduong.vn/storage/app/uploads/public/2025/08/21/screenshot_133.png;400.6;8.2;4.6;81.6;40.0;612.0;2.8;40.0;3.0;2.8;6.0;;78.0;;;;
253;Mực viên chiên đường phố (5 cái);(Fried squid balls on the street (5 pieces));https://viendinhduong.vn/storage/app/uploads/public/2025/08/21/screenshot_132.png;146.9;5.6;9.8;9.1;6.9;169.2;0.1;2.7;0.7;0.3;7.5;;3.6;;;;15.5
254;Kẹo bông gòn;(Candy floss);https://viendinhduong.vn/storage/app/uploads/public/2025/08/21/screenshot_131.png;99.3;;;24.8;;0.5;;0.1;;;;;;;;;
255;Củ dong luộc;(Boiled arrowroot);https://viendinhduong.vn/storage/app/uploads/public/2025/08/21/screenshot_130.png;287.8;3.1;;68.8;;668.2;;93.9;;;163.1;;102.8;;;;
256;Cá viên chiên đường phố (5 cái);(Fried fish balls on the street (5 pieces));https://viendinhduong.vn/storage/app/uploads/public/2025/08/21/screenshot_129.png;203.5;5.7;15.5;10.3;6.9;169.2;0.1;2.7;0.6;0.6;7.5;;3.6;;;;21.0
257;Bỏng ngô;(Popcorn);https://viendinhduong.vn/storage/app/uploads/public/2025/08/21/screenshot_128.png;262.2;5.9;1.1;57.3;;414.1;;2.0;0.4;;235.3;;227.1;;;;
258;Bánh bỏng ngô mật;(Molasses popcorn);https://viendinhduong.vn/storage/app/uploads/public/2025/08/21/screenshot_127.png;195.0;2.9;0.5;44.7;;203.1;;1.4;0.3;;115.2;;111.2;;;;
259;Bánh bỏng gạo;(Poprice cake);https://viendinhduong.vn/storage/app/uploads/public/2025/08/21/screenshot_126.png;398.9;6.0;0.7;92.2;;179.1;0.2;22.3;1.0;2.4;3.7;;10.4;;;;
260;Tào phớ thập cẩm;(Tofu with tapioca pearls and jelly);https://viendinhduong.vn/storage/app/uploads/public/2025/08/21/screenshot_125.png;236.9;6.6;6.9;37.1;;422.5;0.3;241.2;6.9;1.3;67.4;;147.5;;;;
261;Nước mía chanh leo;(Passion fruit mix sugarcane juice);https://viendinhduong.vn/storage/app/uploads/public/2025/08/21/screenshot_124.png;256.3;0.3;0.1;63.7;7.3;39.7;0.1;1.4;0.2;;3.2;;3.3;;;;
262;Nước chanh leo;(Passion fruit juice);https://viendinhduong.vn/storage/app/uploads/public/2025/08/21/screenshot_123.png;66.0;0.5;0.2;15.6;15.4;83.7;0.1;3.3;0.4;;6.7;;7.0;;;;
263;Chè thập cẩm;(Mixed bean dessert soup);https://viendinhduong.vn/storage/app/uploads/public/2025/08/21/screenshot_121.png;593.2;20.7;16.8;89.8;13.1;880.3;6.3;122.4;12.0;2.0;9.5;;196.8;;;;
264;Chè đỗ xanh trân châu;(Mung bean dessert soup with tapioca pearls);https://viendinhduong.vn/storage/app/uploads/public/2025/08/21/screenshot_120.png;388.7;10.3;10.6;63.0;0.6;390.7;7.3;72.6;4.2;1.0;13.8;;111.4;;;;
265;Chè đỗ đỏ;(Red bean dessert soup);https://viendinhduong.vn/storage/app/uploads/public/2025/08/21/screenshot_119.png;311.5;8.0;5.5;57.5;;644.6;0.2;84.3;7.1;2.7;13.6;;16.0;;;;
266;Chè đỗ đen;(Black bean dessert soup);https://viendinhduong.vn/storage/app/uploads/public/2025/08/21/screenshot_118.png;386.8;7.7;8.5;70.0;0.1;203.0;4.7;130.2;6.3;1.7;12.3;;63.6;;;;
267;Chè bưởi;(Pomelo dessert soup);https://viendinhduong.vn/storage/app/uploads/public/2025/08/21/screenshot_117.png;204.7;3.4;4.5;37.7;0.3;217.8;0.2;84.4;4.1;0.6;50.9;;47.6;;;;
268;Bò bía;(Sweet popiah);https://viendinhduong.vn/storage/app/uploads/public/2025/08/21/screenshot_119.png;184.5;2.1;10.0;21.6;;148.1;1.3;29.6;7.8;1.4;2.0;1.3;47.0;;;;
269;Bánh tráng nướng;(Grilled girdle cake);https://viendinhduong.vn/storage/app/uploads/public/2025/08/21/screenshot_115.png;314.0;13.0;20.2;19.7;59.2;183.1;9.9;83.4;2.1;0.6;123.3;131.5;18.8;;;;
270;Bánh ngô;(Sweet corn fritters);https://viendinhduong.vn/storage/app/uploads/public/2025/08/21/screenshot_114.png;458.7;6.7;21.6;59.4;11.2;246.0;1.2;26.3;1.7;1.8;3.3;;91.4;;;;
271;Bánh khoai;(Sweet potato fritters);https://viendinhduong.vn/storage/app/uploads/public/2025/08/21/screenshot_113.png;162.6;4.7;1.8;31.8;;;;5.4;1.2;0.7;;;;;;;
272;Bánh crepe xúc xích;(Sausage crepes cake);https://viendinhduong.vn/storage/app/uploads/public/2025/08/21/screenshot_112.png;346.5;11.7;22.8;;;;;;;;;;;;;;
273;Bánh crepe socola chuối;(Banana chocolate crepe cake);https://viendinhduong.vn/storage/app/uploads/public/2025/08/21/screenshot_111.png;309.1;7.4;14.8;36.7;100.8;354.9;3.1;81.1;1.4;1.2;219.6;88.5;87.0;;;;
274;Bánh crepe ngọt;(Sweet crepes cake);https://viendinhduong.vn/storage/app/uploads/public/2025/08/21/screenshot_110.png;284.5;8.5;13.6;32.2;97.1;209.1;3.1;181.9;0.5;1.1;271.1;76.0;46.1;;;;
275;Bánh crepe mặn;(Crepes cake with sausage and cheese);https://viendinhduong.vn/storage/app/uploads/public/2025/08/21/screenshot_109.png;299.8;10.0;20.5;18.9;93.4;180.0;8.5;129.8;0.6;1.3;371.3;85.5;39.0;;;;
276;Bánh crepe dăm bông phô mai;(Crepes cake with ham and cheese);https://viendinhduong.vn/storage/app/uploads/public/2025/08/21/screenshot_108.png;350.4;10.3;23.8;23.7;105.4;175.6;9.3;145.8;0.8;1.0;394.0;91.5;45.8;;;;
277;Bánh crepe dăm bông phô mai;(Crepes cake with ham and cheese);https://viendinhduong.vn/storage/app/uploads/public/2025/08/21/screenshot_108.png;350.4;10.3;23.8;23.7;105.4;175.6;9.3;145.8;0.8;1.0;394.0;91.5;45.8;;;;
278;Bánh gio mật mía;(Alkaline sticky rice dumplings with molasses);https://viendinhduong.vn/storage/app/uploads/public/2025/08/21/screenshot_107.png;432.5;3.4;0.6;103.3;;25.0;;278.1;2.3;1.0;1.9;;1.0;;;;
279;Cháo ruốc thịt lợn;(Rice congee with dried shredded pork);https://viendinhduong.vn/storage/app/uploads/public/2025/08/21/screenshot_106.png;223.6;7.7;4.3;38.6;;111.2;0.1;24.8;0.5;0.6;90.2;2.7;9.0;;;;
280;Cháo lòng lợn;(Rice congee with hog intestines);https://viendinhduong.vn/storage/app/uploads/public/2025/08/21/screenshot_105.png;517.0;28.0;11.9;74.6;1535.0;577.9;6.0;148.0;15.5;4.1;781.9;243.0;51.7;;;;
281;Cháo đậu đen, đậu phụ;(Rice congee with black beans and fried tofu);https://viendinhduong.vn/storage/app/uploads/public/2025/08/21/screenshot_104.png;307.1;15.2;10.4;38.2;0.7;193.9;3.6;53.4;3.2;1.3;8.1;;32.6;;;;
282;Xôi trắng thịt trứng;(Sticky rice with braised meat and eggs);https://viendinhduong.vn/storage/app/uploads/public/2025/08/21/screenshot_103.png;689.7;23.6;14.6;115.9;138.7;661.5;7.7;79.4;4.3;4.1;444.9;589.3;45.2;;;;
283;Xôi ngô;(Sticky rice with maize seeds and mung bean paste);https://viendinhduong.vn/storage/app/uploads/public/2025/08/21/screenshot_102.png;389.9;11.7;8.3;67.1;10.7;610.4;0.9;54.1;3.3;2.4;21.2;;79.7;;;;
284;Xôi lạc vừng ruốc;(Sticky rice with dried shredded pork and roasted peanut mixed with sesame and salt);https://viendinhduong.vn/storage/app/uploads/public/2025/08/21/screenshot_101.png;457.0;15.7;8.5;79.5;0.1;371.2;4.9;53.8;1.9;2.7;136.2;6.0;48.8;;;;
285;Cơm suất (trứng, thịt ba chỉ);(Set meal (egg and pork belly));https://viendinhduong.vn/storage/app/uploads/public/2025/08/21/screenshot_100.png;793.8;29.1;36.8;86.6;82.3;511.4;6.1;145.3;3.9;3.6;717.6;201.7;41.0;;;;
286;Cơm suất (thịt, cá);(Set meal (amur carp and pig leg));https://viendinhduong.vn/storage/app/uploads/public/2025/08/21/screenshot_99.png;599.2;27.3;11.5;96.7;51.8;621.8;4.7;200.7;4.1;4.2;407.5;51.8;51.9;;;;
287;Cơm gà;(Economy rice with chicken);https://viendinhduong.vn/storage/app/uploads/public/2025/08/21/screenshot_98.png;1140.4;51.8;56.5;106.2;148.2;713.1;5.2;209.5;7.0;5.9;561.4;348.2;65.1;;;;
288;Cơm bụi;(Low-price rice);https://viendinhduong.vn/storage/app/uploads/public/2025/08/21/screenshot_97.png;770.9;40.2;23.7;99.3;13.8;592.8;11.3;141.7;3.9;4.1;348.3;54.3;44.2;;;;
289;Cơm bình dân (cá, thịt, tôm, đậu);(Set meal (scad fish, pork belly, shrimp and tofu));https://viendinhduong.vn/storage/app/uploads/public/2025/08/21/screenshot_96.png;845.5;40.8;30.1;102.8;115.2;1246.5;7.1;189.0;7.3;3.9;1253.4;29.6;116.2;;;;
290;Cơm bình dân (thịt gà, tôm, thịt lợn ba chỉ);(Set meal (chicken, shrimp and pork belly));https://viendinhduong.vn/storage/app/uploads/public/2025/08/21/screenshot_95.png;558.9;25.1;13.7;83.8;116.2;928.7;3.1;141.1;4.1;3.2;1271.5;15.0;41.9;;;;
291;Cơm bình dân (cá nục, thịt ba chỉ);(Set meal (scad fish and pork belly));https://viendinhduong.vn/storage/app/uploads/public/2025/08/21/screenshot_94.png;637.8;22.0;15.5;102.8;156.2;1170.9;4.5;171.4;8.5;3.6;602.7;29.6;93.4;;;;
292;Trứng chén nướng;(Grilled eggs);https://viendinhduong.vn/storage/app/uploads/public/2025/08/21/screenshot_93.png;154.9;6.0;13.8;1.7;168.0;82.8;8.5;30.0;1.2;0.6;98.3;233.5;8.5;;;;
293;Set cánh, đùi gà tẩm bột chiên;(Set of deep fried chicken wings and drumsticks);https://viendinhduong.vn/storage/app/uploads/public/2025/08/21/screenshot_92.png;685.9;21.1;43.1;53.4;11.2;431.8;0.1;51.6;2.3;1.4;90.2;89.0;42.4;;;;
294;Set cánh - đùi gà chiên mắm;(Set of fish sauce glazed chicken wings and drumsticks);https://viendinhduong.vn/storage/app/uploads/public/2025/08/21/screenshot_91.png;694.4;35.9;52.5;19.7;47.3;512.1;0.3;100.9;4.5;3.0;174.6;135.0;63.5;;;;
295;Phô mai chiên (2 viên);(Deep fried cheesecake (2 pieces));https://viendinhduong.vn/storage/app/uploads/public/2025/08/20/screenshot_90.png;210.0;6.2;15.7;11.0;51.3;45.5;2.0;141.2;0.6;1.9;112.4;18.9;31.0;;;;
296;Nộm bò khô;(Salad with dried beef and green papaya);https://viendinhduong.vn/storage/app/uploads/public/2025/08/20/screenshot_89.png;416.5;32.8;20.4;25.3;60.2;664.6;9.1;234.5;5.3;1.5;1926.6;71.7;161.1;;;;
297;Nem nướng cuốn;(Vietnamese grilled pork sausage rolls);https://viendinhduong.vn/storage/app/uploads/public/2025/08/20/screenshot_88.png;641.2;26.2;12.5;106.0;184.5;783.2;1.2;155.1;3.5;2.9;888.5;17.2;63.3;;;;
298;Cốm làng vòng;(Vong village green rice);https://viendinhduong.vn/storage/app/uploads/public/2025/08/20/screenshot_87.png;2992.0;61.0;8.0;669.0;;;;240.0;10.0;;;;;;;;
299;Chả cá lã vọng;(Rice vermicelli with fried fish-paste (La Vong style));https://viendinhduong.vn/storage/app/uploads/public/2025/08/20/screenshot_85.png;666.1;39.9;17.5;87.3;151.7;543.9;14.0;499.2;3.1;1.7;1771.0;65.0;233.9;;;;
300;Cánh gà tẩm bột chiên;(Deep fried chicken wings);https://viendinhduong.vn/storage/app/uploads/public/2025/08/20/screenshot_84.png;335.8;14.4;27.7;7.2;9.9;93.6;0.1;17.7;1.0;0.8;93.4;6.6;11.0;;;;
301;Cánh gà nướng (5 cái);(BBQ chicken wings (5 pieces));https://viendinhduong.vn/storage/app/uploads/public/2025/08/20/screenshot_83.png;731.1;82.2;39.8;11.1;56.8;302.5;0.1;124.1;5.6;6.2;511.6;187.0;35.8;;;;
302;Tào phớ thập cẩm;(Tofu with tapioca pearls);https://viendinhduong.vn/storage/app/uploads/public/2025/08/20/screenshot_82.png;356.3;13.2;2.1;71.2;;554.3;0.9;527.3;2.9;0.5;166.1;;234.1;;;;
303;Sữa tươi trân châu;(Bubble milk);https://viendinhduong.vn/storage/app/uploads/public/2025/08/20/screenshot_81.png;424.5;9.2;9.9;74.7;116.6;322.4;2.3;281.8;1.0;0.9;855.0;94.5;36.0;;;;
304;Sữa chua đậu xanh rau má;(Mungbean-greenwort yogurt smoothie);https://viendinhduong.vn/storage/app/uploads/public/2025/08/20/screenshot_80.png;291.1;14.2;6.2;44.6;143.0;598.8;1.8;482.8;4.7;1.3;80.8;20.3;111.0;;;;
305;Sữa chua trân châu;(Yogurt with tapioca pearls);https://viendinhduong.vn/storage/app/uploads/public/2025/03/31/107.PNG;271.4;6.7;7.6;44.1;52.6;306.9;2.0;276.4;1.6;1.1;95.9;25.9;23.1;;;;
306;Sữa chua thạch lá nếp;(Yogurt with pandan leaf jelly);https://viendinhduong.vn/storage/app/uploads/public/2025/08/20/screenshot_78.png;395.8;8.6;6.8;74.9;60.7;578.0;1.9;351.9;2.3;1.8;98.4;23.2;103.2;;;;
307;Sữa chua nếp cẩm, mít, caramen;(Black sticky rice yogurt with jackfruit and caramel);https://viendinhduong.vn/storage/app/uploads/public/2025/08/20/screenshot_77.png;566.3;12.3;8.7;109.7;30.3;320.4;1.8;246.2;4.0;1.1;49.6;12.3;32.8;;;;
308;Sữa chua nếp cẩm;(Black sticky rice yogurt);https://viendinhduong.vn/storage/app/uploads/public/2025/08/20/screenshot_76.png;437.4;11.2;8.8;78.3;52.6;358.3;2.0;296.2;3.2;1.1;101.0;25.9;25.3;;;;
309;Nha đam trộn mít caramen;(Caramel with aloe vera and jackfruit);https://viendinhduong.vn/storage/app/uploads/public/2025/08/20/screenshot_75.png;401.1;8.3;5.8;79.0;18.0;438.5;1.3;277.6;3.1;1.5;37.5;6.1;97.9;;;;
310;Chè thập cẩm (không có xôi);(Almond panna cotta dessert soup);https://viendinhduong.vn/storage/app/uploads/public/2025/08/20/screenshot_73.png;287.1;4.8;0.5;65.9;0.3;1.0;0.1;79.7;2.6;0.6;4.8;;63.4;;;;
311;Chè thập cẩm (có xôi);(Mixed bean dessert soup);https://viendinhduong.vn/storage/app/uploads/public/2025/08/20/screenshot_72.png;458.7;4.6;2.7;103.9;1.8;285.3;;302.8;3.7;0.6;28.3;;65.4;;;;
312;Chè khúc bạch;(Almond panna cotta dessert soup);https://viendinhduong.vn/storage/app/uploads/public/2025/08/20/screenshot_71.png;145.5;3.4;2.1;28.2;;328.0;1.8;130.6;1.4;0.9;11.9;;99.2;;;;
313;Chè kem dừa;(Coconut ice cream dessert soup);https://viendinhduong.vn/storage/app/uploads/public/2025/08/20/screenshot_70.png;385.5;5.5;10.8;66.5;57.6;324.1;2.2;258.9;4.7;1.0;53.8;;70.5;;;;
314;Caramen thập cẩm (không xôi);(Caramel mixed with tapioca pearls);https://viendinhduong.vn/storage/app/uploads/public/2025/08/20/screenshot_69.png;299.2;5.6;4.6;58.8;;157.7;;292.4;2.3;0.7;20.9;;42.2;;;;
315;Caramen thập cẩm (có xôi);(Caramel mixed with black sticky rice, tapioca pearls and fruit);https://viendinhduong.vn/storage/app/uploads/public/2025/08/20/screenshot_68.png;522.9;12.6;7.2;102.0;12.7;213.7;0.1;243.2;5.0;0.9;15.3;;30.8;;;;
316;Caramen matcha trộn;(Caramel mixed with match jelly);https://viendinhduong.vn/storage/app/uploads/public/2025/08/20/screenshot_67.png;390.2;8.3;5.8;76.2;13.3;351.7;1.3;281.3;3.1;1.3;37.9;6.1;94.5;;;;
317;Caramen hoa quả tươi;(Caramel with mixed fruit);https://viendinhduong.vn/storage/app/uploads/public/2025/08/20/screenshot_66.png;251.5;5.8;6.9;41.5;22.6;461.9;2.0;233.4;2.5;1.1;26.6;;36.9;;;;
318;Caramen;(Caramel);https://viendinhduong.vn/storage/app/uploads/public/2025/08/20/screenshot_65.png;111.9;5.2;4.1;13.5;;;;83.5;0.9;0.5;;;;;;;
319;Cà phê trứng;(Egg coffee);https://viendinhduong.vn/storage/app/uploads/public/2025/08/20/screenshot_64.png;228.8;8.7;17.7;8.7;544.8;153.5;;;;;;;;;;;
320;Pizza thịt xông khói (cỡ L);(Bacon pizza (L size));https://viendinhduong.vn/storage/app/uploads/public/2025/08/20/screenshot_63.png;2027.2;100.8;82.4;220.6;399.3;1023.6;16.9;1187.5;10.2;11.5;1072.4;209.3;550.6;;;;
321;Pizza thập cẩm (cỡ L);(Mixed pizza (L size));https://viendinhduong.vn/storage/app/uploads/public/2025/08/20/screenshot_62.png;1890.9;98.5;68.5;220.1;440.1;1285.2;17.8;1180.1;9.6;15.0;1080.5;197.4;552.6;;;;
322;Pizza hải sản (cỡ M);(Seafood pizza (M size));https://viendinhduong.vn/storage/app/uploads/public/2025/08/20/screenshot_61.png;935.9;51.9;30.1;114.4;280.7;681.2;11.3;796.8;6.3;7.0;959.9;210.3;304.8;;;;
323;Pizza hải sản (cỡ L);(Seafood pizza (L size));https://viendinhduong.vn/storage/app/uploads/public/2025/08/20/screenshot_60.png;1751.7;113.2;47.6;217.6;432.3;1833.2;18.8;1246.4;13.8;14.0;1285.7;657.8;629.6;;;;
324;Pizza gà phô mai (cỡ S);(Cheesy Chicken Pizza (S size));https://viendinhduong.vn/storage/app/uploads/public/2025/08/20/screenshot_59.png;638.1;28.0;28.5;67.4;155.0;284.4;13.4;374.2;3.9;4.0;340.4;65.3;176.7;;;;
325;Pizza gà nướng nấm (cỡ L);(BBQ chicken mushroom pizza (L size));https://viendinhduong.vn/storage/app/uploads/public/2025/08/20/screenshot_58.png;1728.6;85.8;56.2;219.9;635.7;1359.1;25.0;1166.3;9.3;13.0;1147.5;205.5;574.2;;;;
326;Pizza bò (cỡ M);(Premium beed pizza (M size));https://viendinhduong.vn/storage/app/uploads/public/2025/08/20/screenshot_57.png;1111.9;51.0;45.1;125.5;276.7;660.7;20.5;752.2;7.6;8.0;845.0;123.0;319.5;;;;
327;Hamburger lợn;(Pork hamburger);https://viendinhduong.vn/storage/app/uploads/public/2025/08/20/screenshot_56.png;282.5;18.4;9.9;30.1;43.2;90.3;2.9;210.9;2.5;2.0;387.2;15.8;18.0;;;;
328;Hamburger Gà;(Chicken Humburger);https://viendinhduong.vn/storage/app/uploads/public/2025/08/20/screenshot_55.png;451.7;29.3;19.6;39.4;70.6;199.1;3.2;242.6;3.6;2.1;434.9;15.8;34.3;;;;
329;Hamburger Bò;(Beef Hamburger);https://viendinhduong.vn/storage/app/uploads/public/2025/08/20/screenshot_54.png;308.9;18.0;11.5;33.2;77.2;232.3;3.0;230.9;4.1;1.2;418.9;15.8;26.2;;;;
330;Burger Tôm;(Shrimp burger);https://viendinhduong.vn/storage/app/uploads/public/2025/08/20/screenshot_53.png;537.4;20.8;28.1;50.2;23.4;291.0;5.4;157.5;4.0;1.8;421.0;109.0;89.4;;;;
331;Burger gà;(Chicken Burger);https://viendinhduong.vn/storage/app/uploads/public/2025/08/20/screenshot_52.png;490.5;19.4;27.3;41.8;18.5;194.6;4.8;118.5;3.3;1.8;444.8;;26.4;;;;
332;Burger cá;(Fish Burger);https://viendinhduong.vn/storage/app/uploads/public/2025/08/20/screenshot_51.png;305.7;22.1;7.1;38.4;12.9;192.5;4.7;141.0;3.8;0.7;427.5;;25.6;;;;
333;Bánh gà Hồng Mai;(Hong Mai Chicken nugget);https://viendinhduong.vn/storage/app/uploads/public/2025/08/20/screenshot_50.png;1603.0;81.5;129.0;29.0;53.5;216.7;6.7;91.4;6.1;7.9;236.0;189.0;48.2;;;;
334;Bánh trôi tàu;(Glutinous rice balls filled with mung bean patse and black sesame patse in syrup);https://viendinhduong.vn/storage/app/uploads/public/2025/08/20/screenshot_49.png;393.2;10.8;15.2;53.5;0.4;280.4;11.4;161.3;2.4;1.3;14.0;;77.0;;;;
335;Bánh tôm Hồ Tây;(Ho Tay crispy prawn fritters);https://viendinhduong.vn/storage/app/uploads/public/2025/08/20/screenshot_48.png;479.8;17.9;16.6;64.8;130.2;423.3;1.3;122.0;3.4;2.8;84.1;64.6;186.7;;;;
336;Bánh cuốn Thanh Trì;(Rice pancake rolled with pork (Thanh Tri style));https://viendinhduong.vn/storage/app/uploads/public/2025/08/20/screenshot_47.png;518.5;31.6;17.9;57.7;29.8;228.4;0.7;109.5;6.4;3.8;17.3;;42.7;;;;
337;Bánh mỳ Pate thập cẩm;(Banh my with Pate and mixed);https://viendinhduong.vn/storage/app/uploads/public/2025/08/20/screenshot_46.png;662.1;26.2;42.5;43.6;601.3;344.5;12.9;51.6;4.2;2.5;458.8;71.5;64.3;;;;
338;Bánh mỳ pa tê trứng;(Banh my with Pate and fried egg);https://viendinhduong.vn/storage/app/uploads/public/2025/08/20/screenshot_45.png;426.5;23.5;18.4;41.7;513.7;261.9;0.1;52.1;3.5;0.2;235.0;56.9;52.3;;;;
339;Bánh mỳ chảo lợn;(Banh my with pork served in frying pan);https://viendinhduong.vn/storage/app/uploads/public/2025/08/20/screenshot_43.png;726.2;35.7;39.7;56.5;629.1;512.5;9.1;84.9;6.5;1.5;415.4;130.3;79.5;;;;
340;Bánh mỳ chảo bò;(Banh my with beef served in frying pan);https://viendinhduong.vn/storage/app/uploads/public/2025/08/20/screenshot_42.png;686.5;37.4;34.9;55.7;615.4;288.1;1.0;87.8;8.0;2.3;693.1;125.5;97.1;;;;
341;Bánh mỳ bít tết;(Banh my with steak);https://viendinhduong.vn/storage/app/uploads/public/2025/08/20/screenshot_41.png;920.0;44.5;34.0;109.0;649.3;1201.8;2.1;135.7;10.8;2.8;3308.3;296.6;143.4;;;;
342;Bánh mì chảo;(Banh my with bacon and sausage served in frying pan);https://viendinhduong.vn/storage/app/uploads/public/2025/08/20/screenshot_40.png;708.4;38.3;26.9;78.4;1136.6;569.8;11.0;81.6;6.5;3.5;634.2;113.1;41.0;;;;
343;Xôi xíu;(Sticky rice with Char siu);https://viendinhduong.vn/storage/app/uploads/public/2025/08/20/screenshot_39.png;1022.0;36.7;46.4;114.4;560.1;849.7;4.7;104.9;7.3;6.0;462.3;534.3;137.2;;;;
344;Xôi xéo thịt;(Sticky rice with braised pork belly and mung bean paste);https://viendinhduong.vn/storage/app/uploads/public/2025/08/20/screenshot_38.png;676.1;23.2;14.8;112.6;7.3;798.6;6.4;56.1;3.6;4.1;608.2;31.8;92.4;;;;
345;Xôi thập cẩm;(Sticky rice with mixed meat and vegetables);https://viendinhduong.vn/storage/app/uploads/public/2025/08/20/screenshot_37.png;1227.1;56.9;50.8;135.5;876.9;1045.2;12.6;143.0;15.3;7.4;144.9;177.1;161.4;;;;
346;Xôi cá rô đồng;(Sticky rice with shredded Tilapia fish);https://viendinhduong.vn/storage/app/uploads/public/2025/08/20/screenshot_36.png;572.6;23.6;5.0;108.3;8.9;565.2;0.6;51.4;2.7;3.3;18.2;;40.1;;;;
347;Mỳ tim cật;(Wheat noodle soup with mixed pork organs);https://viendinhduong.vn/storage/app/uploads/public/2025/10/23/my_tim_cat2_hn.png;332.7;14.9;6.4;53.8;116.9;289.4;1.1;92.6;5.8;2.2;;154.9;11.8;;;1953.5;
348;Miến riêu cua (trộn);(Vermicelli mixed with fresh water crab paste);https://viendinhduong.vn/storage/app/uploads/public/2025/08/20/screenshot_30.png;493.0;24.0;17.7;59.4;150.9;498.6;5.4;252.8;5.5;1.6;;31.9;62.0;;;988.3;
349;Miến riêu cua (nước);(Vermicelli soup with fresh water crab paste);https://viendinhduong.vn/storage/app/uploads/public/2025/08/20/screenshot_29.png;461.2;22.5;17.6;53.2;188.0;521.6;3.7;289.5;5.7;1.5;;41.0;41.6;;;991.0;
350;Miến lươn trộn;(Vermicelli mixed with eel);https://viendinhduong.vn/storage/app/uploads/public/2025/08/20/screenshot_27.png;308.8;8.5;6.1;54.9;421.8;197.8;5.6;75.7;1.9;0.8;;27.0;34.2;;;21.6;
351;Miến lươn nước;(Vermicelli soup with eel);https://viendinhduong.vn/storage/app/uploads/public/2025/08/20/screenshot_26.png;338.2;8.9;7.0;59.9;386.7;267.2;4.6;104.8;2.5;1.1;;32.0;26.2;;;1357.0;
352;Hủ tiếu thịt bằm;(Rice noodle soup with minced pork);https://viendinhduong.vn/storage/app/uploads/public/2025/08/20/screenshot_25.png;530.9;31.7;18.5;59.5;129.7;376.2;5.9;176.4;3.8;3.3;;240.5;31.4;;;2417.2;
353;Hủ tiếu Nam Vang;(Rice noodle soup with pork and shrimp (Nam Vang style));https://viendinhduong.vn/storage/app/uploads/public/2025/08/20/screenshot_24.png;537.1;30.1;9.5;82.8;1116.1;554.5;6.3;161.1;6.0;4.0;;229.0;51.8;;;766.0;
354;Hủ tiếu đại dương;(Rice noodle soup with mixed seafood);https://viendinhduong.vn/storage/app/uploads/public/2025/08/20/screenshot_23.png;572.1;47.4;18.9;53.1;128.5;587.9;6.9;248.7;5.2;2.7;;406.2;70.3;;;1961.7;
355;Bánh canh sườn heo;(Thick rice noodle soup with pork-rib);https://viendinhduong.vn/storage/app/uploads/public/2025/08/20/screenshot_22.png;487.6;20.6;12.7;72.8;841.8;531.2;7.8;158.5;9.5;2.8;;74.7;34.9;;;1294.9;
356;Bánh canh ghẹ;(Thick rice noodle soup with flower crab);https://viendinhduong.vn/storage/app/uploads/public/2025/08/20/screenshot_21.png;590.0;21.6;18.1;85.2;125.2;596.7;7.3;282.1;11.1;2.7;;229.7;76.4;;;1503.9;
357;Phở Thìn;(Pho Thin);https://viendinhduong.vn/storage/app/uploads/public/2025/08/20/screenshot_20.png;873.0;42.0;41.4;83.1;70.9;680.1;;132.6;4.3;4.0;;88.0;64.3;;;3715.0;
358;Phở lõi bò;(Pho with Beef heel muscle);https://viendinhduong.vn/storage/app/uploads/public/2025/08/20/screenshot_19.png;461.8;19.9;11.4;69.9;32.8;286.0;2.8;78.6;2.4;1.3;;35.0;23.0;;;727.0;
359;Phở gà trộn;(Pho mixed with chicken);https://viendinhduong.vn/storage/app/uploads/public/2025/08/20/screenshot_18.png;524.6;30.4;14.6;68.0;148.9;462.6;10.1;101.3;3.9;2.2;;72.7;63.1;;;2607.6;
360;Bún nem cua bể;(Rice vermicelli with Hai Phong-style crab spring rolls);https://viendinhduong.vn/storage/app/uploads/public/2025/08/20/screenshot_7.png;596.3;13.4;7.1;119.7;148.1;689.0;0.4;234.0;4.0;1.0;;100.3;147.5;;;3568.0;
361;Bún đậu mắm tôm, lòng lợn;(Rice vermicelli with tofu, fermented shrimp paste, and pork offal);https://viendinhduong.vn/storage/app/uploads/public/2025/08/20/screenshot_6.png;914.9;42.2;36.0;105.7;24.8;490.1;10.1;310.8;11.6;2.9;;77.9;190.5;;;1394.5;
362;Cơm suất văn phòng ( Thịt nạc vai, đậu phụ);(Office Set Meal (Pork Shoulder & Tofu));https://viendinhduong.vn/storage/app/uploads/public/2025/07/17/screenshot_16.png;759.0;29.9;26.3;100.7;0.0;893.0;;151.0;5.2;6.1;2059.0;44.0;;5225.0;59.0;;
363;Cơn hến;(Baby Clam Rice);https://viendinhduong.vn/storage/app/uploads/public/2025/07/17/screenshot_14.png;291.0;18.0;6.3;40.1;0.0;473.3;;74.4;3.3;1.0;713.4;0.0;;33.4;12.4;;
364;Bánh đa cua;(Crab noodle soup with red rice noodles);https://viendinhduong.vn/storage/app/uploads/public/2025/07/17/screenshot_20.png;420.6;20.8;9.1;63.8;159.7;;;295.3;13.6;2.2;;67.9;66.3;1629.1;17.9;1914.6;
365;Bánh đa bò nhừ;(Crispy rice paper with tender beef);https://viendinhduong.vn/storage/app/uploads/public/2025/07/17/screenshot_21.png;407.3;32.0;8.6;50.6;7.9;;;71.3;2.8;4.3;;60.2;29.1;68.8;4.8;1632.5;
366;Bún bò Nam Bộ;(Southern-style Vietnamese Beef Vermicelli);https://viendinhduong.vn/storage/app/uploads/public/2025/07/17/screenshot_8.png;457.7;26.3;7.4;71.5;35.1;;;108.4;3.0;3.6;;30.7;85.0;410.8;29.4;1577.7;
367;Bún cá chấm;(Rice vermicelli with fried fish and dipping broth);https://viendinhduong.vn/storage/app/uploads/public/2025/07/17/screenshot_7.png;451.2;37.6;4.8;64.4;118.8;;;313.5;4.0;0.6;;1.1;41.8;1421.6;22.9;457.0;
368;Bánh đa đỏ trộn;(Red thick rice noodle mixed with meat and vegetables);https://viendinhduong.vn/storage/app/uploads/public/2025/07/17/screenshot_6.png;550.7;24.0;19.4;70.1;79.5;;;143.9;2.9;0.9;;10.8;45.0;942.0;20.1;389.8;
369;Vịt rang me;(Roasted duck with tamarind);https://viendinhduong.vn/storage/app/uploads/public/2025/04/15/258.PNG;656.2;33.7;53.7;9.5;604.2;575.6;42.9;108.2;4.9;3.2;;136.8;51.5;;;1702.3;
370;Phá lấu;(Offal stew);https://viendinhduong.vn/storage/app/uploads/public/2025/04/15/256.PNG;305.9;21.6;6.1;41.3;4.3;134.4;2.1;195.5;3.1;1.2;;86.9;34.8;;;1083.8;
371;Nem Thính;(Pork ear and pork belly mixed with roasted rice powder);https://viendinhduong.vn/storage/app/uploads/public/2025/04/15/254.PNG;612.3;44.8;25.2;51.7;92.5;591.3;17.8;127.0;5.5;2.7;;123.4;78.2;;;1206.0;
372;Lòng dồi sụn;(Pork Cartilage blood sausages);https://viendinhduong.vn/storage/app/uploads/public/2025/04/15/253.PNG;309.3;34.0;12.7;14.9;90.5;674.3;7.4;79.1;3.7;4.0;;217.7;92.5;;;638.8;
373;Giá bể xào;(Stir-fried Lamp Shell);https://viendinhduong.vn/storage/app/uploads/public/2025/04/15/252.PNG;308.7;39.0;3.2;31.1;26.4;82.3;0.1;844.2;0.2;;;;3.9;;;4.9;
374;Dồi sụn nướng;(Roasted pig small intestine);https://viendinhduong.vn/storage/app/uploads/public/2025/04/15/251.PNG;307.1;23.6;22.2;3.2;92.6;193.4;8.7;63.1;43.0;1.0;;32.5;21.4;;;1292.0;
375;Chim cút quay lá mắc mật (4 con);(Roasted bird with Dalzell oliv leaves);https://viendinhduong.vn/storage/app/uploads/public/2025/04/15/250.PNG;373.7;61.0;12.9;3.4;56.8;877.1;7.0;44.0;12.8;7.6;;196.0;74.5;;;152.0;
376;Ốc mỡ xào ngô;(Fried snail with maize seeds);https://viendinhduong.vn/storage/app/uploads/public/2025/04/15/248.PNG;420.9;42.1;10.7;39.1;11.4;275.1;5.2;5336.0;1.1;1.2;;16.9;45.3;;;936.9;
377;Ốc mít luộc mắm;(Boiled snail in fish sauce);https://viendinhduong.vn/storage/app/uploads/public/2025/04/15/247.PNG;158.3;17.6;1.2;19.3;9.5;82.8;;1999.5;0.6;0.2;;;19.7;;;804.0;
378;Ốc đá xào;(Stir fried snail);https://viendinhduong.vn/storage/app/uploads/public/2025/04/15/246.PNG;187.6;30.3;1.2;14.0;7.1;48.9;;4455.7;0.3;0.1;;;14.0;;;545.9;
379;Ốc bông xào me;(Stir-fried snail with tamarind sauce);https://viendinhduong.vn/storage/app/uploads/public/2025/04/15/245.PNG;488.7;38.6;23.8;30.1;2.3;419.2;0.8;5155.0;13.8;2.4;;;122.6;;;1850.3;
380;Ốc bông xào bơ trứng mặn;(Stir-fried snail with salted butter egg yolk sauce);https://viendinhduong.vn/storage/app/uploads/public/2025/04/15/244.PNG;575.5;19.9;40.7;32.4;544.7;512.5;28.5;86.5;2.7;2.5;;400.0;68.3;;;1942.0;
381;Ốc bé hấp;(Steamed small snail);https://viendinhduong.vn/storage/app/uploads/public/2025/12/08/screenshot_22.webp;232.4;36.7;2.1;16.7;0.4;42.7;;38.2;0.1;3.0;;;16.2;;;680.7;
382;Ngao trắng hấp;(Steamed white clams);https://viendinhduong.vn/storage/app/uploads/public/2025/12/08/screenshot_21.webp;226.2;27.5;2.2;24.1;0.4;42.7;;593.5;0.1;;;;16.2;;;680.7;
383;Thạch găng;(Randia jelly);https://viendinhduong.vn/storage/app/uploads/public/2025/12/08/screenshot_16.webp;175.5;5.9;0.3;37.3;;700.8;;268.0;2.8;1.8;;;207.7;;;27.9;
384;Sữa ngô;(Corn soup);https://viendinhduong.vn/storage/app/uploads/public/2025/12/08/screenshot_13.webp;123.8;4.3;2.5;21.0;;;;148.2;0.6;;;;30.8;;;;
385;Nước trà hoa cúc;(Daisy tea);https://viendinhduong.vn/storage/app/uploads/public/2025/12/08/screenshot_6.webp;18.3;0.1;;4.5;0.8;0.1;;22.8;;;;;;;;;
386;Kem trứng;(Curtard cream);https://viendinhduong.vn/storage/app/uploads/public/2025/12/08/screenshot_5.webp;390.8;10.4;22.1;37.5;504.6;88.2;8.3;69.7;4.8;1.9;;1056.4;7.3;;;172.1;
387;Chè dừa dầm;(Coconut dessert soup);https://viendinhduong.vn/storage/app/uploads/public/2025/12/08/screenshot_4.webp;469.8;12.4;8.2;86.6;45.5;1136.5;1.5;445.0;3.9;1.6;;25.5;224.7;;;331.6;
388;Bì bò;(Spring roll with mixed beef and vegetables);https://viendinhduong.vn/storage/app/uploads/public/2025/04/08/223.PNG;994.4;86.1;24.8;106.7;153.6;1411.5;5.0;428.4;10.0;16.2;;86.2;89.0;;;175.9;
389;Bánh mỳ sốt trứng cút;(Banh my with sauced quail eggs);https://viendinhduong.vn/storage/app/uploads/public/2025/04/08/222.PNG;401.0;24.9;16.3;37.9;135.0;302.6;11.3;86.3;4.8;1.3;;375.1;106.3;;;1877.4;
390;Bánh mỳ nướng muối ớt;(Salt and pepper toast);https://viendinhduong.vn/storage/app/uploads/public/2025/04/08/221.PNG;428.9;16.2;19.8;46.4;6.6;170.5;3.7;37.3;2.2;0.6;;24.1;24.1;;;677.0;
391;Bánh mỳ thịt xiên mật ong;(Honey baked bread with BBQ pork skewers);https://viendinhduong.vn/storage/app/uploads/public/2025/04/08/220.PNG;336.3;14.3;19.1;26.8;6.9;271.3;7.4;41.9;2.0;1.8;;43.3;34.6;;;240.8;
392;Bánh mỳ chảo sốt ngọt;(Banh my with egg, pate and sausage with sweet sauce served in frying pan);https://viendinhduong.vn/storage/app/uploads/public/2025/04/08/219.PNG;713.6;24.8;30.2;85.6;377.2;834.3;4.4;69.4;3.9;1.1;;52.4;63.7;;;1851.2;
393;Bánh mì - xôi chảo;(Banh my with pate, sausage, egg and sticky rice with pandan leaves);https://viendinhduong.vn/storage/app/uploads/public/2025/11/10/banh_mi_xoi_chao_hp.webp;995.8;41.4;62.6;66.7;645.4;642.2;9.0;92.9;6.3;2.0;;116.1;125.2;;;2261.9;
394;Bánh mỳ chả cá sốt cay;(Banh my with fish cake in spicy sauce);https://viendinhduong.vn/storage/app/uploads/public/2025/04/08/216.PNG;177.5;7.5;4.9;25.8;6.4;52.2;;47.5;1.3;0.2;;;6.5;;;141.2;
395;Bánh cuốn trứng;(Rice mixed egg pancake);https://viendinhduong.vn/storage/app/uploads/public/2025/11/14/banh_cuon_trung.webp;537.6;22.6;28.5;47.7;172.4;426.1;6.3;96.8;4.5;2.7;;491.8;107.3;;;1161.5;
396;Mỳ chờ thập cẩm;(Wheat noodle soup with wonton and pork);https://viendinhduong.vn/storage/app/uploads/public/2025/10/23/my_cho_thap_cam_hp.png;613.0;27.4;21.7;77.0;1103.1;228.8;3.2;163.1;6.7;3.2;639.2;84.3;43.9;;;;
397;Nước ép lựu;(Pomegranate Juice);https://viendinhduong.vn/storage/app/uploads/public/2025/03/26/261-1742976575.PNG;211.8;0.6;1.1;49.9;;813.2;0.4;41.8;0.4;0.3;34.2;;26.6;;;;
398;Nước ép lê;(Pear juice);https://viendinhduong.vn/storage/app/uploads/public/2025/03/26/260-1742976456.PNG;229.2;3.4;1.0;51.8;11.3;424.0;0.3;91.1;11.0;0.6;24.0;;33.6;;;;
399;Bắp xào tép;(Stir-fried maize seeds with small shrimp);https://viendinhduong.vn/storage/app/uploads/public/2025/03/26/263-1742975512.PNG;758.7;11.0;41.1;86.3;89.7;646.5;4.8;98.3;3.5;3.1;50.5;23.6;107.0;;;;0.0
400;Cháo ếch;(Rice congee with frog);https://viendinhduong.vn/storage/app/uploads/public/2025/10/27/chao_ech_hp.png;571.8;66.2;4.4;66.8;102.8;808.5;0.7;150.9;6.5;3.9;1041.0;154.0;89.4;;;;
401;Tiết luộc;Boiled pig blood;https://viendinhduong.vn/storage/app/uploads/public/2025/03/26/265-1742975667.PNG;65.9;11.4;0.2;4.6;113.0;; ;42.9;38.3;0.2;553.4;;24.9;776.1;21.8;553.4;
402;Bánh canh thịt heo;Thick noodle soup with pork;https://viendinhduong.vn/storage/app/uploads/public/2025/12/19/screenshot_38.webp;547;23.7;29.4;46.8;39.4;74.3;;59.8;3.2;1.3;497.8;78.8;;68.5;3.0;497.8;
403;Bánh canh thịt gà;Thick noodle soup with chicken;https://viendinhduong.vn/storage/app/uploads/public/2025/12/19/screenshot_37.webp;337;12.5;11.0;46.8;55.3;105.4;;33.8;1.1;0.7;371.1;36.9;;68.5;4.8;371.1;
404;Bánh canh cá rô;Thick noodle soup with perch;https://viendinhduong.vn/storage/app/uploads/public/2025/12/19/screenshot_36.webp;167;14.9;5.5;15.8;;72.4;;65.0;1.0;0.3;591.0;159.3;;1959.0;18.3;591.0;
405;Salad rau củ;Vegetable salad;https://viendinhduong.vn/storage/app/uploads/public/2025/12/19/screenshot_35.webp;181;2.0;16.0;8.0;;530.0;;56.0;3.0;1.0;137.0;; ;348.0;11.0;137.0;
406;Nộm tai heo thập cẩm;Mixed pork ear salad;https://viendinhduong.vn/storage/app/uploads/public/2025/12/19/screenshot_34.webp;505;44.0;25.0;27.0;0.0;780.0;;317.0;10.0;3.0;1045.0;123.0;;1505.0;20.0;1045.0;
407;Nộm rau muống;Water spinach salad;https://viendinhduong.vn/storage/app/uploads/public/2025/12/19/screenshot_33.webp;230;10.8;15.9;7.7;0.0;897.0;;271.0;3.9;1.1;986.0;0.0;;13994.0;72.9;986.0;
408;Nộm hoa chuối thịt gà;Banana blossom and chicken salad;https://viendinhduong.vn/storage/app/uploads/public/2025/12/19/screenshot_32.webp;604;34.1;29.3;50.1;103.7;1599.0;;329.6;6.6;4.1;263.2;69.1;;3547.1;44.7;263.2;
409;Nem tai;Pork ear salad;https://viendinhduong.vn/storage/app/uploads/public/2025/12/19/screenshot_31.webp;300;28.3;7.5;18.8;0.0;114.0;;43.7;4.7;0.5;617.0;148.0;;0.0;0.0;617.0;
410;Nem lụi;Grilled pork skewers;https://viendinhduong.vn/storage/app/uploads/public/2025/12/19/screenshot_30.webp;382;22.2;25.2;16.7;11.6;642.2;;39.1;3.2;0.6;3025.0;69.4;;85.1;5.6;3025.0;
411;Kiệu muối;Pickled scallions;https://viendinhduong.vn/storage/app/uploads/public/2025/12/19/screenshot_28.webp;12;0.7;;2.4;; ; ;25.0;0.6;;170.0;; ; ;6.2;170.0;
412;Gỏi xoài;Mango salad;https://viendinhduong.vn/storage/app/uploads/public/2025/12/17/screenshot_26.webp;105;1.0;1.0;24.0;0.0;189.0;;56.0;2.0;1.0;411.0;0.0;;1207.0;45.0;411.0;
413;Gỏi ngó sen;Lotus stem salad;https://viendinhduong.vn/storage/app/uploads/public/2025/12/17/screenshot_25.webp;615;35.8;33.8;42.4;18.6;1159.0;;913.0;5.7;1.6;522.6;161.2;;1189.5;90.4;522.6;
414;Bò xíu mại;Beef meatballs;https://viendinhduong.vn/storage/app/uploads/public/2025/12/17/screenshot_19.webp;423;33.0;29.0;7.0;;1069.0;;40.0;7.0;8.0;789.0;106.0;;629.0;66.0;789.0;
415;Bò cuốn lá cải;Beef wrapped in mustard greens;https://viendinhduong.vn/storage/app/uploads/public/2025/12/17/screenshot_18.webp;222;19.7;3.1;28.9;9.4;438.5;;49.6;4.3;2.1;80.0;46.3;;877.8;32.6;80.0;
416;Bánh đa cuốn thập cẩm;Mixed rice paper rolls;https://viendinhduong.vn/storage/app/uploads/public/2025/12/17/screenshot_17.webp;615;42.0;30.2;43.2;369.0;638.0;;141.1;4.7;1.1;166.6;356.6;;4734.0;31.5;166.6;
417;Thịt gà xào sả;Stir-fried chicken with lemongrass;https://viendinhduong.vn/storage/app/uploads/public/2025/12/17/screenshot_15.webp;241;23.2;16.4;0.0;137.0;215.0;;15.0;1.7;1.7;467.0;86.0;; ;5.0;467.0;
418;Thịt trâu xào rau muống;Stir-fried buffalo meat with water spinach;https://viendinhduong.vn/storage/app/uploads/public/2025/12/17/screenshot_14.webp;283;30.6;14.9;2.1;;1369.5;;313.5;7.3;3.3;585.2;40.0;;16791.0;70.0;585.2;
419;Thịt chim câu xào răm;Stir-fried pigeon with Vietnamese coriander;https://viendinhduong.vn/storage/app/uploads/public/2025/12/17/screenshot_13.webp;688;31.1;61.6;2.4;125.6;669.4;;139.0;9.9;3.8;883.7;163.4;;3.0;19.2;883.7;
420;Thịt bò xào su su;Stir-fried beef with chayote;https://viendinhduong.vn/storage/app/uploads/public/2025/12/17/screenshot_12.webp;203;21.9;10.9;4.2;0.0;378.0;;33.0;3.8;3.1;357.0;40.0;;0.0;1.0;357.0;
421;Thịt bò xào nấm;Stir-fried beef with mushrooms;https://viendinhduong.vn/storage/app/uploads/public/2025/12/17/screenshot_11.webp;182;22.5;8.5;3.9;0.0;329.0;;42.4;7.8;1.9;461.0;32.0;;829.0;2.0;461.0;
422;Thịt bò xào măng;Stir-fried beef with bamboo shoots;https://viendinhduong.vn/storage/app/uploads/public/2025/12/17/screenshot_10.webp;158;24.2;3.7;7.0;11.8;1414.0;;63.6;5.4;4.5;1168.4;57.8;;283.5;29.8;1168.4;
423;Thịt bò xào lúc lắc;Shaking beef;https://viendinhduong.vn/storage/app/uploads/public/2025/12/17/screenshot_9.webp;469;47.3;18.3;28.7;0.0;1504.0;;49.0;8.9;5.5;582.0;84.0;;206.2;131.0;582.0;
424;Thịt bò xào hoa thiên lý;Stir-fried beef with Tonkin jasmine flowers;https://viendinhduong.vn/storage/app/uploads/public/2025/12/17/screenshot_8.webp;270;27.1;13.7;9.5;11.8;429.0;;129.3;5.8;2.2;972.2;57.8;;1172.0;99.0;972.2;
425;Thịt bò xào hành tây,cà chua;Stir-fried beef with onions and tomatoes;https://viendinhduong.vn/storage/app/uploads/public/2025/12/17/screenshot_7.webp;;281;23.7;14.1;14.8;;919.0;;72.0;5.6;4.5;491.0;40.0;;394.0;52.0;491.0
426;Thịt bò xào đậu cove;Stir-fried beef with green beans;https://viendinhduong.vn/storage/app/uploads/public/2025/12/17/screenshot_6.webp;162;14.5;5.7;13.3;0.0;424.0;;32.0;2.1;1.0;404.0;18.0;;180.0;25.0;404.0;
427;Thịt bò xào dứa;Stir-fried beef with pineapple;https://viendinhduong.vn/storage/app/uploads/public/2025/12/17/screenshot_5.webp;275;24.8;11.0;19.3;;928.0;;146.0;6.9;2.9;542.0;40.0;;283.0;163.0;542.0;
428;Thịt bò xào cần tỏi;Stir-fried beef with celery and garlic;https://viendinhduong.vn/storage/app/uploads/public/2025/12/17/screenshot_4.webp;216;23.0;11.0;6.6;;586.0;;130.0;6.0;3.0;503.0;40.0;;46.0;50.0;503.0;
429;Sườn xào chua ngọt;Sweet and sour ribs;https://viendinhduong.vn/storage/app/uploads/public/2025/12/17/screenshot_3.webp;289;17.3;16.0;18.8;;691.0;;49.8;3.1;1.2;335.3;56.8;;103.7;66.6;335.3;
430;Rau muống xào;Stir-fried water spinach;https://viendinhduong.vn/storage/app/uploads/public/2025/12/17/screenshot_1.webp;177;10.2;11.2;4.5;; ; ;303.9;4.4;1.1;; ; ;1679.0;70.0;;
431;Rau khoai lang xào tỏi;Stir-fried sweet potato leaves with garlic;https://viendinhduong.vn/storage/app/uploads/public/2025/12/12/screenshot_293.webp;114;4.0;8.0;6.5;;688.0;;68.8;3.7;0.1;404.2;; ;2379.0;15.3;404.2;
432;Rau cải xoong xào tỏi;Stir-fried watercress with garlic;https://viendinhduong.vn/storage/app/uploads/public/2025/12/12/screenshot_292.webp;83;5.4;5.2;3.6;;569.2;;179.0;4.1;2.0;997.3;; ;191.0;25.0;997.3;
433;Rau cải ngồng xào tỏi;Stir-fried broccoli stems with garlic;https://viendinhduong.vn/storage/app/uploads/public/2025/12/12/screenshot_291.webp;122;5.8;5.0;13.3;;760.9;;184.0;2.7;2.8;493.1;; ;9383.5;92.5;493.1;
434;Rau cải chíp xào nấm;Stir-fried bok choy with mushrooms;https://viendinhduong.vn/storage/app/uploads/public/2025/12/12/screenshot_289.webp;216;14.3;11.7;13.6;;500.0;;181.7;12.3;1.9;452.5;; ;2681.0;26.0;452.5;
